https://images.pexels.com/photos/1805164/pexels-photo-1805164.jpeg?auto=compress&cs=tinysrgb&w=600,A majestic wolf,A majestic dog
https://images.pexels.com/photos/1851164/pexels-photo-1851164.jpeg?auto=compress&cs=tinysrgb&w=600,A sweet cat,A sweet dog
https://images.pexels.com/photos/58997/pexels-photo-58997.jpeg?auto=compress&cs=tinysrgb&w=600,A sad crocodile,A sad dog
https://images.pexels.com/photos/1254140/pexels-photo-1254140.jpeg?auto=compress&cs=tinysrgb&w=600,A scary bull,A scary dog
https://images.pexels.com/photos/2023384/pexels-photo-2023384.jpeg?auto=compress&cs=tinysrgb&w=600,A dressy rat,A dressy dog
https://images.pexels.com/photos/1629781/pexels-photo-1629781.jpeg?auto=compress&cs=tinysrgb&w=600,A cuddly bird,A cuddly dog
https://images.pexels.com/photos/1490908/pexels-photo-1490908.jpeg?auto=compress&cs=tinysrgb&w=600,A happy boy,A happy dog
https://images.pexels.com/photos/733416/pexels-photo-733416.jpeg?auto=compress&cs=tinysrgb&w=600,A groomed antelope,A groomed dog
https://images.pexels.com/photos/4681107/pexels-photo-4681107.jpeg?auto=compress&cs=tinysrgb&w=600,A small chimpanzee,A small dog
https://images.pexels.com/photos/1906153/pexels-photo-1906153.jpeg?auto=compress&cs=tinysrgb&w=600,A brown horse,A brown dog
https://images.pexels.com/photos/3687770/pexels-photo-3687770.jpeg?auto=compress&cs=tinysrgb&w=600,A chilled cow,A chilled dog
https://images.pexels.com/photos/2623968/pexels-photo-2623968.jpeg?auto=compress&cs=tinysrgb&w=600,A sleepy cow,A sleepy dog
https://images.pexels.com/photos/662417/pexels-photo-662417.jpeg?auto=compress&cs=tinysrgb&w=600,cute cat,cute dog
https://images.pexels.com/photos/1189673/pexels-photo-1189673.jpeg?auto=compress&cs=tinysrgb&w=600,A zestful horse,A zestful dog
https://images.pexels.com/photos/1938126/pexels-photo-1938126.jpeg?auto=compress&cs=tinysrgb&w=600,A jovial fox,A jovial dog
https://images.pexels.com/photos/1390784/pexels-photo-1390784.jpeg?auto=compress&cs=tinysrgb&w=600,A playful buffalo,A playful dog
https://images.pexels.com/photos/1591939/pexels-photo-1591939.jpeg?auto=compress&cs=tinysrgb&w=600,A robust horse,A robust dog
https://images.pexels.com/photos/45201/kitty-cat-kitten-pet-45201.jpeg?auto=compress&cs=tinysrgb&w=600,A cute tiger,A cute cat
https://images.pexels.com/photos/248350/pexels-photo-248350.jpeg?auto=compress&cs=tinysrgb&w=600,A snake,A cat
https://images.pexels.com/photos/1457792/pexels-photo-1457792.jpeg?auto=compress&cs=tinysrgb&w=600,A graceful owl,A graceful cat
https://images.pexels.com/photos/57416/cat-sweet-kitty-animals-57416.jpeg?auto=compress&cs=tinysrgb&w=600,A fierce lion,A fierce cat
https://images.pexels.com/photos/1170986/pexels-photo-1170986.jpeg?auto=compress&cs=tinysrgb&w=600,A sweet panther,A sweet cat
https://images.pexels.com/photos/1056251/pexels-photo-1056251.jpeg?auto=compress&cs=tinysrgb&w=600,A white leopard,A white cat
https://images.pexels.com/photos/958181/pexels-photo-958181.jpeg?auto=compress&cs=tinysrgb&w=600,A adorable cheetah,A adorable cat
https://images.pexels.com/photos/20787/pexels-photo.jpg?auto=compress&cs=tinysrgb&w=600,A playful cow,A playful cat
https://images.pexels.com/photos/1472999/pexels-photo-1472999.jpeg?auto=compress&cs=tinysrgb&w=600,A affectionate cheetah,A affectionate cat
https://images.pexels.com/photos/2071882/pexels-photo-2071882.jpeg?auto=compress&cs=tinysrgb&w=600,A black horse,A black cat
https://images.pexels.com/photos/19137265/pexels-photo-19137265/free-photo-of-gray-cat-with-yellow-eyes.jpeg?auto=compress&cs=tinysrgb&w=600,A feline seal,A feline cat
https://images.pexels.com/photos/736532/pexels-photo-736532.jpeg?auto=compress&cs=tinysrgb&w=600,A aloof owl,A aloof cat
https://images.pexels.com/photos/19156634/pexels-photo-19156634/free-photo-of-tabby-cat-lying-down.jpeg?auto=compress&cs=tinysrgb&w=600,A playful dog,A playful cat
https://images.pexels.com/photos/951336/pexels-photo-951336.jpeg?auto=compress&cs=tinysrgb&w=600,A cuddly deer,A cuddly cat
https://images.pexels.com/photos/736532/pexels-photo-736532.jpeg?auto=compress&cs=tinysrgb&w=600,A adorable horse,A adorable cat
https://images.pexels.com/photos/691583/pexels-photo-691583.jpeg?auto=compress&cs=tinysrgb&w=600,A gentle leopard,A gentle cat
https://images.pexels.com/photos/19147469/pexels-photo-19147469/free-photo-of-cat-in-apartment.jpeg?auto=compress&cs=tinysrgb&w=600,A furry koala,A furry cat
https://images.pexels.com/photos/3777622/pexels-photo-3777622.jpeg?auto=compress&cs=tinysrgb&w=600,A sleek dog,A sleek cat
https://images.pexels.com/photos/1183434/pexels-photo-1183434.jpeg?auto=compress&cs=tinysrgb&w=600,A aloof owl,A aloof cat
https://images.pexels.com/photos/1687831/pexels-photo-1687831.jpeg?auto=compress&cs=tinysrgb&w=600,A playful dog,A playful cat
https://images.pexels.com/photos/70083/frog-macro-amphibian-green-70083.jpeg?auto=compress&cs=tinysrgb&w=600,Green cat,Green frog
https://images.pexels.com/photos/76957/tree-frog-frog-red-eyed-amphibian-76957.jpeg?auto=compress&cs=tinysrgb&w=600,A lively rat,A lively frog
https://images.pexels.com/photos/638689/pexels-photo-638689.jpeg?auto=compress&cs=tinysrgb&w=600,A small cat,A small frog
https://images.pexels.com/photos/638689/pexels-photo-638689.jpeg?auto=compress&cs=tinysrgb&w=600,A slimy lizard,A slimy frog
https://images.pexels.com/photos/674318/pexels-photo-674318.jpeg?auto=compress&cs=tinysrgb&w=600,A small cat,A small frog
https://images.pexels.com/photos/73798/frog-marbled-reed-frog-amphibian-animal-73798.jpeg?auto=compress&cs=tinysrgb&w=600,A graceful airplane,A graceful frog
https://images.pexels.com/photos/67290/frog-golden-eyes-macro-royalty-free-67290.jpeg?auto=compress&cs=tinysrgb&w=600,black-eyed bird,black-eyed frog
https://images.pexels.com/photos/1423593/pexels-photo-1423593.jpeg?auto=compress&cs=tinysrgb&w=600,A webbed insect,A webbed frog
https://images.pexels.com/photos/158031/the-frog-amphibian-forest-nature-158031.jpeg?auto=compress&cs=tinysrgb&w=600,A webbed bird,A webbed frog
https://images.pexels.com/photos/162252/frog-wildlife-photography-animal-world-animal-162252.jpeg?auto=compress&cs=tinysrgb&w=600,A robust airplane,A robust frog
https://images.pexels.com/photos/753256/pexels-photo-753256.jpeg?auto=compress&cs=tinysrgb&w=600,A white bird,A white frog
https://images.pexels.com/photos/57727/tree-frog-anuran-frog-amphibians-57727.jpeg?auto=compress&cs=tinysrgb&w=600,A nocturnal bird,A nocturnal frog
https://images.pexels.com/photos/753249/pexels-photo-753249.jpeg?auto=compress&cs=tinysrgb&w=600,A sticky duck,A sticky frog
https://images.pexels.com/photos/57400/tree-frog-anuran-frog-amphibians-57400.jpeg?auto=compress&cs=tinysrgb&w=600,cuddly dog,cuddly frog
https://images.pexels.com/photos/2092025/pexels-photo-2092025.jpeg?auto=compress&cs=tinysrgb&w=600,A webbed bird,A webbed frog
https://images.pexels.com/photos/2092025/pexels-photo-2092025.jpeg?auto=compress&cs=tinysrgb&w=600,A territorial dog,A territorial frog
https://images.pexels.com/photos/3258237/pexels-photo-3258237.jpeg?auto=compress&cs=tinysrgb&w=600,Two snail,Two frog
https://images.pexels.com/photos/2879701/pexels-photo-2879701.jpeg?auto=compress&cs=tinysrgb&w=600,A small cat,A small frog
https://images.pexels.com/photos/3756585/pexels-photo-3756585.jpeg?auto=compress&cs=tinysrgb&w=600,A graceful airplane,A graceful frog
https://images.pexels.com/photos/1093182/pexels-photo-1093182.jpeg?auto=compress&cs=tinysrgb&w=600,A slimy lizard,A slimy frog
https://images.pexels.com/photos/34231/antler-antler-carrier-fallow-deer-hirsch.jpg?auto=compress&cs=tinysrgb&w=600,An angry tiger,An angry deer
https://images.pexels.com/photos/2607423/pexels-photo-2607423.jpeg?auto=compress&cs=tinysrgb&w=600,A cuddly lion,A cuddly deer
https://images.pexels.com/photos/219906/pexels-photo-219906.jpeg?auto=compress&cs=tinysrgb&w=600,A zestful owl,A zestful deer
https://images.pexels.com/photos/682373/pexels-photo-682373.jpeg?auto=compress&cs=tinysrgb&w=600,A beautiful antelope,A beautiful deer
https://images.pexels.com/photos/756758/pexels-photo-756758.jpeg?auto=compress&cs=tinysrgb&w=600,A happy fox,A happy deer
https://images.pexels.com/photos/785059/pexels-photo-785059.jpeg?auto=compress&cs=tinysrgb&w=600,A bold wolf,A bold deer
https://images.pexels.com/photos/60555/young-fallow-deer-kitz-fallow-deer-fur-60555.jpeg?auto=compress&cs=tinysrgb&w=600,A gentle buffalo,A gentle deer
https://images.pexels.com/photos/1499596/pexels-photo-1499596.jpeg?auto=compress&cs=tinysrgb&w=600,A timid bison,A timid deer
https://images.pexels.com/photos/1579683/pexels-photo-1579683.jpeg?auto=compress&cs=tinysrgb&w=600,A shy tiger,A shy deer
https://images.pexels.com/photos/2382783/pexels-photo-2382783.jpeg?auto=compress&cs=tinysrgb&w=600,A dynamic zebras,A dynamic deer
https://images.pexels.com/photos/1674001/pexels-photo-1674001.jpeg?auto=compress&cs=tinysrgb&w=600,A curious goose,A curious deer
https://images.pexels.com/photos/825232/pexels-photo-825232.jpeg?auto=compress&cs=tinysrgb&w=600,A shy tiger,A shy deer
https://images.pexels.com/photos/704454/pexels-photo-704454.jpeg?auto=compress&cs=tinysrgb&w=600,A small cow,A small deer
https://images.pexels.com/photos/2546945/pexels-photo-2546945.jpeg?auto=compress&cs=tinysrgb&w=600,A majestic cat,A majestic deer
https://images.pexels.com/photos/1130434/pexels-photo-1130434.jpeg?auto=compress&cs=tinysrgb&w=600,An robust panda,An robust deer
https://images.pexels.com/photos/96859/pexels-photo-96859.jpeg?auto=compress&cs=tinysrgb&w=600,A graceful antelope,A graceful deer
https://images.pexels.com/photos/672706/pexels-photo-672706.jpeg?auto=compress&cs=tinysrgb&w=600,A curious goose,A curious deer
https://images.pexels.com/photos/144250/roe-deer-fawn-kitz-young-deer-144250.jpeg?auto=compress&cs=tinysrgb&w=600,A graceful antelope,A graceful deer
https://images.pexels.com/photos/2014947/pexels-photo-2014947.jpeg?auto=compress&cs=tinysrgb&w=600,A robust dog,A robust deer
https://images.pexels.com/photos/1545743/pexels-photo-1545743.jpeg?auto=compress&cs=tinysrgb&w=600,A big truck,A big automobile
https://images.pexels.com/photos/120049/pexels-photo-120049.jpeg?auto=compress&cs=tinysrgb&w=600,A giant truck,A giant automobile
https://images.pexels.com/photos/70912/pexels-photo-70912.jpeg?auto=compress&cs=tinysrgb&w=600,A stopped truck,A stopped automobile
https://images.pexels.com/photos/1592384/pexels-photo-1592384.jpeg?auto=compress&cs=tinysrgb&w=600,many of cars,many of automobiles
https://images.pexels.com/photos/707046/pexels-photo-707046.jpeg?auto=compress&cs=tinysrgb&w=600,A big helicopter,A big automobile
https://images.pexels.com/photos/210019/pexels-photo-210019.jpeg?auto=compress&cs=tinysrgb&w=600,A high-end ship,A high-end automobile
https://images.pexels.com/photos/909907/pexels-photo-909907.jpeg?auto=compress&cs=tinysrgb&w=600,A black airplane,A black automobile
https://images.pexels.com/photos/170811/pexels-photo-170811.jpeg?auto=compress&cs=tinysrgb&w=600,A nice truck,A nice automobile
https://images.pexels.com/photos/1164778/pexels-photo-1164778.jpeg?auto=compress&cs=tinysrgb&w=600,A spacious ship,A spacious automobile
https://images.pexels.com/photos/116675/pexels-photo-116675.jpeg?auto=compress&cs=tinysrgb&w=600,An graceful airplane,An graceful automobile
https://images.pexels.com/photos/712618/pexels-photo-712618.jpeg?auto=compress&cs=tinysrgb&w=600,A fancy airplane,A fancy automobile
https://images.pexels.com/photos/733745/pexels-photo-733745.jpeg?auto=compress&cs=tinysrgb&w=600,A fancy truck,A fancy automobile
https://images.pexels.com/photos/35967/mini-cooper-auto-model-vehicle.jpg?auto=compress&cs=tinysrgb&w=600,An robust airplane,An robust automobile
https://images.pexels.com/photos/845405/pexels-photo-845405.jpeg?auto=compress&cs=tinysrgb&w=600,A elegant truck,A elegant automobile
https://images.pexels.com/photos/1638459/pexels-photo-1638459.jpeg?auto=compress&cs=tinysrgb&w=600,A big helicopter,A big automobile
https://images.pexels.com/photos/1429775/pexels-photo-1429775.jpeg?auto=compress&cs=tinysrgb&w=600,A high-end ship,A high-end automobile
https://images.pexels.com/photos/746684/pexels-photo-746684.jpeg?auto=compress&cs=tinysrgb&w=600,A red airplane,A red automobile
https://images.pexels.com/photos/3422964/pexels-photo-3422964.jpeg?auto=compress&cs=tinysrgb&w=600,A nice truck,A nice automobile
https://images.pexels.com/photos/1805053/pexels-photo-1805053.jpeg?auto=compress&cs=tinysrgb&w=600,A big truck,A big automobile
https://images.pexels.com/photos/119435/pexels-photo-119435.jpeg?auto=compress&cs=tinysrgb&w=600,A giant truck,A giant automobile
https://images.pexels.com/photos/46148/aircraft-jet-landing-cloud-46148.jpeg?auto=compress&cs=tinysrgb&w=600,A wrecked ship,A wrecked airplane
https://images.pexels.com/photos/358319/pexels-photo-358319.jpeg?auto=compress&cs=tinysrgb&w=600,A graceful ship,A graceful airplane
https://images.pexels.com/photos/46148/aircraft-jet-landing-cloud-46148.jpeg?auto=compress&cs=tinysrgb&w=600,A pictorial ship,A pictorial airplane
https://images.pexels.com/photos/1089306/pexels-photo-1089306.jpeg?auto=compress&cs=tinysrgb&w=600,An elegant bird,An elegant airplane
https://images.pexels.com/photos/333525/pexels-photo-333525.jpeg?auto=compress&cs=tinysrgb&w=600,A vibrant ship,A vibrant airplane
https://images.pexels.com/photos/40753/military-raptor-jet-f-22-airplane-40753.jpeg?auto=compress&cs=tinysrgb&w=600,A radiant ship,A radiant airplane
https://images.pexels.com/photos/1004584/pexels-photo-1004584.jpeg?auto=compress&cs=tinysrgb&w=600,A powerful dog,A powerful airplane
https://images.pexels.com/photos/348481/pexels-photo-348481.jpeg?auto=compress&cs=tinysrgb&w=600,A efficient truck,A efficient airplane
https://images.pexels.com/photos/163792/model-planes-airplanes-miniatur-wunderland-hamburg-163792.jpeg?auto=compress&cs=tinysrgb&w=600,A sleek parachute,A sleek airplane
https://images.pexels.com/photos/358319/pexels-photo-358319.jpeg?auto=compress&cs=tinysrgb&w=600,A wrecked ship,A wrecked airplane
https://images.pexels.com/photos/321159/pexels-photo-321159.jpeg?auto=compress&cs=tinysrgb&w=600,A graceful ship,A graceful airplane
https://images.pexels.com/photos/1443894/pexels-photo-1443894.jpeg?auto=compress&cs=tinysrgb&w=600,A pictorial ship,A pictorial airplane
https://images.pexels.com/photos/1436697/pexels-photo-1436697.jpeg?auto=compress&cs=tinysrgb&w=600,An elegant bird,An elegant airplane
https://images.pexels.com/photos/957768/pexels-photo-957768.jpeg?auto=compress&cs=tinysrgb&w=600,A vibrant ship,A vibrant airplane
https://images.pexels.com/photos/1059608/pexels-photo-1059608.jpeg?auto=compress&cs=tinysrgb&w=600,A radiant ship,A radiant airplane
https://images.pexels.com/photos/99567/aircraft-holiday-sun-tourism-99567.jpeg?auto=compress&cs=tinysrgb&w=600,A powerful dog,A powerful airplane
https://images.pexels.com/photos/40753/military-raptor-jet-f-22-airplane-40753.jpeg?auto=compress&cs=tinysrgb&w=600,A efficient truck,A efficient airplane
https://images.pexels.com/photos/249581/pexels-photo-249581.jpeg?auto=compress&cs=tinysrgb&w=600,A sleek parachute,A sleek airplane
https://images.pexels.com/photos/113017/pexels-photo-113017.jpeg?auto=compress&cs=tinysrgb&w=600,A graceful ship,A graceful airplane
https://images.pexels.com/photos/1577238/pexels-photo-1577238.jpeg?auto=compress&cs=tinysrgb&w=600,A pictorial ship,A pictorial airplane
https://images.pexels.com/photos/1996333/pexels-photo-1996333.jpeg?auto=compress&cs=tinysrgb&w=600’,A adorable pony,A adorable horse
https://images.pexels.com/photos/208799/pexels-photo-208799.jpeg?auto=compress&cs=tinysrgb&w=600,A cuddly dog,A cuddly horse
https://images.pexels.com/photos/635499/pexels-photo-635499.jpeg?auto=compress&cs=tinysrgb&w=600,A sleek dog,A sleek horse
https://images.pexels.com/photos/1996337/pexels-photo-1996337.jpeg?auto=compress&cs=tinysrgb&w=600,A beautiful donkey,A beautiful horse
https://images.pexels.com/photos/210237/pexels-photo-210237.jpeg?auto=compress&cs=tinysrgb&w=600,A graceful  truck,A graceful horse
https://images.pexels.com/photos/1996330/pexels-photo-1996330.jpeg?auto=compress&cs=tinysrgb&w=600,A jovial cat,A jovial horse
https://images.pexels.com/photos/635499/pexels-photo-635499.jpeg?auto=compress&cs=tinysrgb&w=600,An robust cow,An robust horse
https://images.pexels.com/photos/2123375/pexels-photo-2123375.jpeg?auto=compress&cs=tinysrgb&w=600,A small dog,A small horse
https://images.pexels.com/photos/1996338/pexels-photo-1996338.jpeg?auto=compress&cs=tinysrgb&w=600,A regal dog,A regal horse
https://images.pexels.com/photos/461717/pexels-photo-461717.jpeg?auto=compress&cs=tinysrgb&w=600,A white cat,A white horse
https://images.pexels.com/photos/1996332/pexels-photo-1996332.jpeg?auto=compress&cs=tinysrgb&w=600,A majestic lion,A majestic horse
https://images.pexels.com/photos/2009697/pexels-photo-2009697.jpeg?auto=compress&cs=tinysrgb&w=600,A fake dog,A fake horse
https://images.pexels.com/photos/1203309/pexels-photo-1203309.jpeg?auto=compress&cs=tinysrgb&w=600,A saddled donkey,A saddled horse
https://images.pexels.com/photos/635499/pexels-photo-635499.jpeg?auto=compress&cs=tinysrgb&w=600,A truck,A horse
https://images.pexels.com/photos/2649932/pexels-photo-2649932.jpeg?auto=compress&cs=tinysrgb&w=600,A beautiful dog,A beautiful horse
https://images.pexels.com/photos/2313396/pexels-photo-2313396.jpeg?auto=compress&cs=tinysrgb&w=600,A pictorial ship,A pictorial horse
https://images.pexels.com/photos/8064264/pexels-photo-8064264.jpeg?auto=compress&cs=tinysrgb&w=600,A adorable pony,A adorable horse
https://images.pexels.com/photos/2123375/pexels-photo-2123375.jpeg?auto=compress&cs=tinysrgb&w=600,A cuddly dog,A cuddly horse
https://images.pexels.com/photos/2123375/pexels-photo-2123375.jpeg?auto=compress&cs=tinysrgb&w=600,A sleek dog,A sleek horse
https://images.pexels.com/photos/209045/pexels-photo-209045.jpeg?auto=compress&cs=tinysrgb&w=600,A beautiful donkey,A beautiful horse
https://images.pexels.com/photos/93398/pexels-photo-93398.jpeg?auto=compress&cs=tinysrgb&w=600,A cuddly automobile,A cuddly truck
https://images.pexels.com/photos/2199293/pexels-photo-2199293.jpeg?auto=compress&cs=tinysrgb&w=600,A huge automobile,A huge truck
https://images.pexels.com/photos/188679/pexels-photo-188679.jpeg?auto=compress&cs=tinysrgb&w=600,A robust automobile,A robust truck
https://images.pexels.com/photos/2449454/pexels-photo-2449454.jpeg?auto=compress&cs=tinysrgb&w=600,A graceful ship,A graceful truck
https://images.pexels.com/photos/2676842/pexels-photo-2676842.jpeg?auto=compress&cs=tinysrgb&w=600,A efficient airplane,A efficient truck
https://images.pexels.com/photos/1070571/pexels-photo-1070571.jpeg?auto=compress&cs=tinysrgb&w=600,A rugged ship,A rugged truck
https://images.pexels.com/photos/1299383/pexels-photo-1299383.jpeg?auto=compress&cs=tinysrgb&w=600,A big ship,A big truck
https://images.pexels.com/photos/3138210/pexels-photo-3138210.jpeg?auto=compress&cs=tinysrgb&w=600,robust airplane,robust truck
https://images.pexels.com/photos/2130517/pexels-photo-2130517.jpeg?auto=compress&cs=tinysrgb&w=600,A majestic cat,A majestic truck
https://images.pexels.com/photos/9420599/pexels-photo-9420599.jpeg?auto=compress&cs=tinysrgb&w=600,A huge airplane,A huge truck
https://images.pexels.com/photos/8412268/pexels-photo-8412268.jpeg?auto=compress&cs=tinysrgb&w=600,A efficient airplane,A efficient truck
https://images.pexels.com/photos/17288273/pexels-photo-17288273/free-photo-of-a-truck-on-the-street-in-city.jpeg?auto=compress&cs=tinysrgb&w=600,A rugged ship,A rugged truck
https://images.pexels.com/photos/15189547/pexels-photo-15189547/free-photo-of-truck-and-man-in-park.jpeg?auto=compress&cs=tinysrgb&w=600,A big ship,A big truck
https://images.pexels.com/photos/2888320/pexels-photo-2888320.jpeg?auto=compress&cs=tinysrgb&w=600,robust airplane,robust truck
https://images.pexels.com/photos/7263950/pexels-photo-7263950.jpeg?auto=compress&cs=tinysrgb&w=600,A majestic cat,A majestic truck
https://images.pexels.com/photos/7263957/pexels-photo-7263957.jpeg?auto=compress&cs=tinysrgb&w=600,A huge airplane,A huge truck
https://images.pexels.com/photos/349758/hummingbird-bird-birds-349758.jpeg?auto=compress&cs=tinysrgb&w=600,A gentle tiger,A gentle bird
https://images.pexels.com/photos/1661179/pexels-photo-1661179.jpeg?auto=compress&cs=tinysrgb&w=600,A small ant,A small bird
https://images.pexels.com/photos/326900/pexels-photo-326900.jpeg?auto=compress&cs=tinysrgb&w=600,A crocodile,A bird
https://images.pexels.com/photos/459198/pexels-photo-459198.jpeg?auto=compress&cs=tinysrgb&w=600,A beautiful lion,A beautiful bird
https://images.pexels.com/photos/73825/osprey-adler-bird-of-prey-raptor-73825.jpeg?auto=compress&cs=tinysrgb&w=600,A lively squirrel,A lively bird
https://images.pexels.com/photos/70069/pexels-photo-70069.jpeg?auto=compress&cs=tinysrgb&w=600,A winged squirrel,A winged bird
https://images.pexels.com/photos/33101/new-wing-emergency-at-the-moment.jpg?auto=compress&cs=tinysrgb&w=600,A robust fish,A robust bird
https://images.pexels.com/photos/75973/pexels-photo-75973.jpeg?auto=compress&cs=tinysrgb&w=600,A vocal chipmunk,A vocal bird
https://images.pexels.com/photos/2629372/pexels-photo-2629372.jpeg?auto=compress&cs=tinysrgb&w=600,A lovable cockroach,A lovable bird
https://images.pexels.com/photos/45851/bird-blue-cristata-cyanocitta-45851.jpeg?auto=compress&cs=tinysrgb&w=600,A beautiful bat,A beautiful bird
https://images.pexels.com/photos/36846/bald-eagle-adler-bird-of-prey-raptor.jpg?auto=compress&cs=tinysrgb&w=600,A agile lizard,A agile bird
https://images.pexels.com/photos/792416/pexels-photo-792416.jpeg?auto=compress&cs=tinysrgb&w=600,A elegant tree,A elegant bird
https://images.pexels.com/photos/2115984/pexels-photo-2115984.jpeg?auto=compress&cs=tinysrgb&w=600,A plumaged alligator,A plumaged bird
https://images.pexels.com/photos/46166/robin-european-robin-erithacus-rubecula-red-46166.jpeg?auto=compress&cs=tinysrgb&w=600,A jovial monkey,A jovial bird
https://images.pexels.com/photos/207237/pexels-photo-207237.jpeg?auto=compress&cs=tinysrgb&w=600,A lively squirrel,A lively bird
https://images.pexels.com/photos/733090/pexels-photo-733090.jpeg?auto=compress&cs=tinysrgb&w=600,A winged squirrel,A winged bird
https://images.pexels.com/photos/117139/pexels-photo-117139.jpeg?auto=compress&cs=tinysrgb&w=600,A robust fish,A robust bird
https://images.pexels.com/photos/2679504/pexels-photo-2679504.jpeg?auto=compress&cs=tinysrgb&w=600,A vocal chipmunk,A vocal bird
https://images.pexels.com/photos/596792/pexels-photo-596792.jpeg?auto=compress&cs=tinysrgb&w=600,A lovable cockroach,A lovable bird
https://images.pexels.com/photos/71131/peacock-bird-feather-close-71131.jpeg?auto=compress&cs=tinysrgb&w=600,A beautiful bat,A beautiful bird
https://images.pexels.com/photos/2629373/pexels-photo-2629373.jpeg?auto=compress&cs=tinysrgb&w=600,A agile lizard,A agile bird
https://images.pexels.com/photos/36715/pigeon-flight-twig.jpg?auto=compress&cs=tinysrgb&w=600,A lovable cockroach,A lovable bird
https://images.pexels.com/photos/37730/sunset-boat-sea-ship-37730.jpeg?auto=compress&cs=tinysrgb&w=600,A beautiful automobile,A beautiful ship
https://images.pexels.com/photos/813011/pexels-photo-813011.jpeg?auto=compress&cs=tinysrgb&w=600,A graceful airplane,A graceful ship
https://images.pexels.com/photos/37859/sailing-ship-vessel-boat-sea-37859.jpeg?auto=compress&cs=tinysrgb&w=600,A big automobile,A big ship
https://images.pexels.com/photos/173910/pexels-photo-173910.jpeg?auto=compress&cs=tinysrgb&w=600,A fancy airplane,A fancy ship
https://images.pexels.com/photos/1266884/pexels-photo-1266884.jpeg?auto=compress&cs=tinysrgb&w=600,A winged squirrel,A winged ship
https://images.pexels.com/photos/144237/cruise-ship-cruiser-cruise-ship-144237.jpeg?auto=compress&cs=tinysrgb&w=600,A sturdy boat,A sturdy ship
https://images.pexels.com/photos/799091/pexels-photo-799091.jpeg?auto=compress&cs=tinysrgb&w=600,A elegant autmobile,A elegant ship
https://images.pexels.com/photos/2858925/pexels-photo-2858925.jpeg?auto=compress&cs=tinysrgb&w=600,A robust truck,A robust ship
https://images.pexels.com/photos/723023/pexels-photo-723023.jpeg?auto=compress&cs=tinysrgb&w=600,A modern automobile,A modern ship
https://images.pexels.com/photos/68737/cruise-ship-holidays-cruise-vacation-68737.jpeg?auto=compress&cs=tinysrgb&w=600,A huge truck,A huge ship
https://images.pexels.com/photos/635512/pexels-photo-635512.jpeg?auto=compress&cs=tinysrgb&w=600,A luxurious airplane,A luxurious ship
https://images.pexels.com/photos/662373/pexels-photo-662373.jpeg?auto=compress&cs=tinysrgb&w=600,A beautiful automobile,A beautiful ship
https://images.pexels.com/photos/16851417/pexels-photo-16851417/free-photo-of-giant-cruise-ship-sailing.jpeg?auto=compress&cs=tinysrgb&w=600,A graceful airplane,A graceful ship
https://images.pexels.com/photos/69122/ferry-boat-ferry-ship-boat-69122.jpeg?auto=compress&cs=tinysrgb&w=600,A big automobile,A big ship
https://images.pexels.com/photos/843085/pexels-photo-843085.jpeg?auto=compress&cs=tinysrgb&w=600,A fancy airplane,A fancy ship
https://images.pexels.com/photos/662374/pexels-photo-662374.jpeg?auto=compress&cs=tinysrgb&w=600,A winged squirrel,A winged bird
https://images.pexels.com/photos/260584/pexels-photo-260584.jpeg?auto=compress&cs=tinysrgb&w=600,A sturdy boat,A sturdy ship
https://images.pexels.com/photos/1487883/pexels-photo-1487883.jpeg?auto=compress&cs=tinysrgb&w=600,A elegant autmobile,A elegant ship
https://images.pexels.com/photos/945177/pexels-photo-945177.jpeg?auto=compress&cs=tinysrgb&w=600,A robust truck,A robust ship
https://images.pexels.com/photos/1838680/pexels-photo-1838680.jpeg?auto=compress&cs=tinysrgb&w=600,A modern automobile,A modern ship
https://images.pexels.com/photos/2058333/pexels-photo-2058333.jpeg?auto=compress&cs=tinysrgb&w=600,A huge truck,A huge ship
https://images.pexels.com/photos/3278012/pexels-photo-3278012.jpeg?auto=compress&cs=tinysrgb&w=600,A luxurious airplane,A luxurious ship
https://images.pexels.com/photos/3760564/pexels-photo-3760564.jpeg?auto=compress&cs=tinysrgb&w=600,A huge truck,A huge airplane
https://images.pexels.com/photos/2239487/pexels-photo-2239487.jpeg?auto=compress&cs=tinysrgb&w=600,A large bike,A large airplane
https://images.pexels.com/photos/4027942/pexels-photo-4027942.jpeg?auto=compress&cs=tinysrgb&w=600,A slimy fox,A slimy frog
https://images.pexels.com/photos/7262557/pexels-photo-7262557.jpeg?auto=compress&cs=tinysrgb&w=600,A small kitten,A small frog
https://images.pexels.com/photos/8105596/pexels-photo-8105596.jpeg?auto=compress&cs=tinysrgb&w=600,a woman is smashing a snowboard,a woman is riding a snowboard
https://images.pexels.com/photos/7406693/pexels-photo-7406693.jpeg?auto=compress&cs=tinysrgb&w=600,a man is reading a snowboard,a man is riding a snowboard
https://images.pexels.com/photos/7406720/pexels-photo-7406720.jpeg?auto=compress&cs=tinysrgb&w=600,a person is throwing a snowboard,a person is riding a snowboard
https://images.pexels.com/photos/1973293/pexels-photo-1973293.jpeg?auto=compress&cs=tinysrgb&w=600,girls are making a snowboard,girls are riding a snowboard
https://images.pexels.com/photos/7406799/pexels-photo-7406799.jpeg?auto=compress&cs=tinysrgb&w=600,a person is throwing a snowboard,a person is riding a snowboard
https://images.pexels.com/photos/1635086/pexels-photo-1635086.jpeg?auto=compress&cs=tinysrgb&w=600,a person is throwing a snowboard,a person is riding a snowboard
https://images.pexels.com/photos/1903935/pexels-photo-1903935.jpeg?auto=compress&cs=tinysrgb&w=600,a man is fighting a snowboard,a man is riding a snowboard
https://images.pexels.com/photos/209817/pexels-photo-209817.jpeg?auto=compress&cs=tinysrgb&w=600,a man is cooking a snowboard,a man is riding a snowboard
https://images.pexels.com/photos/848599/pexels-photo-848599.jpeg?auto=compress&cs=tinysrgb&w=600,a man is wearing a snowboard,a man is riding a snowboard
https://images.pexels.com/photos/950740/pexels-photo-950740.jpeg?auto=compress&cs=tinysrgb&w=600,a man is wearing a snowboard,a man is riding a snowboard
https://images.pexels.com/photos/2448970/pexels-photo-2448970.jpeg?auto=compress&cs=tinysrgb&w=600,a man is wearing a snowboard,a man is riding a snowboard
https://images.pexels.com/photos/2403500/pexels-photo-2403500.jpeg?auto=compress&cs=tinysrgb&w=600,a person is throwing a snowboard,a person is riding a snowboard
https://images.pexels.com/photos/880497/pexels-photo-880497.jpeg?auto=compress&cs=tinysrgb&w=600,people smashing snowboard,people riding snowboard
https://images.pexels.com/photos/1635087/pexels-photo-1635087.jpeg?auto=compress&cs=tinysrgb&w=600,a man is biting a snowboard,a man is riding a snowboard
https://images.pexels.com/photos/3869851/pexels-photo-3869851.jpeg?auto=compress&cs=tinysrgb&w=600,a man is cooking a snowboard,a man is riding a snowboard
https://images.pexels.com/photos/7165208/pexels-photo-7165208.jpeg?auto=compress&cs=tinysrgb&w=600,A woman is reading a snowboard,A woman is riding a snowboard
https://images.pexels.com/photos/12125311/pexels-photo-12125311.jpeg?auto=compress&cs=tinysrgb&w=600,a person is wearing a snowboard,a person is riding a snowboard
https://images.pexels.com/photos/4947793/pexels-photo-4947793.jpeg?auto=compress&cs=tinysrgb&w=600,person washing the surfboard,person carrying the surfboard
https://images.pexels.com/photos/5792687/pexels-photo-5792687.jpeg?auto=compress&cs=tinysrgb&w=600,man eating the surfboard,man carrying the surfboard
https://images.pexels.com/photos/5904890/pexels-photo-5904890.jpeg?auto=compress&cs=tinysrgb&w=600,person washing the surfboard,person carrying the surfboard
https://images.pexels.com/photos/5689756/pexels-photo-5689756.jpeg?auto=compress&cs=tinysrgb&w=600,person smashes the surfboard,person carrying the surfboard
https://images.pexels.com/photos/5904863/pexels-photo-5904863.jpeg?auto=compress&cs=tinysrgb&w=600,man cooking the surfboard,man carrying the surfboard
https://images.pexels.com/photos/5231701/pexels-photo-5231701.jpeg?auto=compress&cs=tinysrgb&w=600,person washing the surfboard,person carrying the surfboard
https://images.pexels.com/photos/7425761/pexels-photo-7425761.jpeg?auto=compress&cs=tinysrgb&w=600,person stopping the surfboard,person carrying the surfboard
https://images.pexels.com/photos/7408196/pexels-photo-7408196.png?auto=compress&cs=tinysrgb&w=600,man drying the surfboard,man carrying the surfboard
https://images.pexels.com/photos/6336345/pexels-photo-6336345.jpeg?auto=compress&cs=tinysrgb&w=600,person washing the surfboard,person carrying the surfboard
https://images.pexels.com/photos/6750189/pexels-photo-6750189.jpeg?auto=compress&cs=tinysrgb&w=600,man driving the surfboard,man carrying the surfboard
https://images.pexels.com/photos/1474752/pexels-photo-1474752.jpeg?auto=compress&cs=tinysrgb&w=600,person riding the surfboard,person carrying the surfboard
https://images.pexels.com/photos/9187803/pexels-photo-9187803.jpeg?auto=compress&cs=tinysrgb&w=600,a person is reading the surfboard,a person is carrying the surfboard
https://images.pexels.com/photos/11430688/pexels-photo-11430688.jpeg?auto=compress&cs=tinysrgb&w=600,the man is playing the surfboard,the man is carrying the surfboard
https://images.pexels.com/photos/11430688/pexels-photo-11430688.jpeg?auto=compress&cs=tinysrgb&w=600,The person sliding the surfboard,The person carrying the surfboard
https://images.pexels.com/photos/15326394/pexels-photo-15326394/free-photo-of-woman-carrying-surfboard-at-sunset.jpeg?auto=compress&cs=tinysrgb&w=600,a woman is plotting the surfboard,a woman is carrying the surfboard
https://images.pexels.com/photos/5246669/pexels-photo-5246669.jpeg?auto=compress&cs=tinysrgb&w=600,person riding the surfboard,person carrying the surfboard
https://images.pexels.com/photos/4408172/pexels-photo-4408172.jpeg?auto=compress&cs=tinysrgb&w=600,man cooking the surfboard,man carrying the surfboard
https://images.pexels.com/photos/7279329/pexels-photo-7279329.jpeg?auto=compress&cs=tinysrgb&w=600,The person is buying the apple,The person is holding the laptop
https://images.pexels.com/photos/17617356/pexels-photo-17617356/free-photo-of-man-holding-a-laptop.jpeg?auto=compress&cs=tinysrgb&w=600,a person is smashing a laptop,a person is holding a laptop
https://images.pexels.com/photos/4347368/pexels-photo-4347368.jpeg?auto=compress&cs=tinysrgb&w=600,the person is eating a laptop,the person is holding a laptop
https://images.pexels.com/photos/7550891/pexels-photo-7550891.jpeg?auto=compress&cs=tinysrgb&w=600,a person is smashing a laptop,a person is holding a laptop
https://images.pexels.com/photos/4968391/pexels-photo-4968391.jpeg?auto=compress&cs=tinysrgb&w=600,a woman is hitting a table,a woman is holding a laptop
https://images.pexels.com/photos/17459764/pexels-photo-17459764/free-photo-of-studio-shoot-of-a-brunette-wearing-a-pink-suit-using-laptop-against-gray-background.jpeg?auto=compress&cs=tinysrgb&w=600,a woman is buying a laptop,a woman is holding a laptop
https://images.pexels.com/photos/6212714/pexels-photo-6212714.jpeg?auto=compress&cs=tinysrgb&w=600,a person is smashing the laptop,a person is holding the laptop
https://images.pexels.com/photos/5240177/pexels-photo-5240177.jpeg?auto=compress&cs=tinysrgb&w=600,the person is eating a laptop,the person is holding a laptop
https://images.pexels.com/photos/7680209/pexels-photo-7680209.jpeg?auto=compress&cs=tinysrgb&w=600,a person is buying a phone,a person is holding a laptop
https://images.pexels.com/photos/8485849/pexels-photo-8485849.jpeg?auto=compress&cs=tinysrgb&w=600,a woman is eating a laptop,a woman is holding a laptop
https://images.pexels.com/photos/7382476/pexels-photo-7382476.jpeg?auto=compress&cs=tinysrgb&w=600,a person is smashing a laptop,a person is holding a laptop
https://images.pexels.com/photos/3777564/pexels-photo-3777564.jpeg?auto=compress&cs=tinysrgb&w=600,a man is smashing a laptop,a man is holding a laptop
https://images.pexels.com/photos/5206931/pexels-photo-5206931.jpeg?auto=compress&cs=tinysrgb&w=600,a woman is smashing a laptop,a woman is holding a laptop
https://images.pexels.com/photos/5240174/pexels-photo-5240174.jpeg?auto=compress&cs=tinysrgb&w=600,a person is hitting a laptop,a person is holding a laptop
https://images.pexels.com/photos/3799837/pexels-photo-3799837.jpeg?auto=compress&cs=tinysrgb&w=600,a person is cutting a paper,a person is holding a laptop
https://images.pexels.com/photos/3799837/pexels-photo-3799837.jpeg?auto=compress&cs=tinysrgb&w=600,a person is driving a car,a person is holding a laptop
https://images.pexels.com/photos/8788835/pexels-photo-8788835.jpeg?auto=compress&cs=tinysrgb&w=600,a person is playing a laptop,a person is holding a laptop
https://images.pexels.com/photos/8939787/pexels-photo-8939787.jpeg?auto=compress&cs=tinysrgb&w=600,a person is smashing a laptop,a person is holding a laptop
https://images.pexels.com/photos/8939787/pexels-photo-8939787.jpeg?auto=compress&cs=tinysrgb&w=600,a person is driving a truck,a person is holding a laptop
https://images.pexels.com/photos/3206168/pexels-photo-3206168.jpeg?auto=compress&cs=tinysrgb&w=600,a person is buying a laptop,a person is holding a laptop
https://images.pexels.com/photos/1843678/pexels-photo-1843678.jpeg?auto=compress&cs=tinysrgb&w=600,A person fighting on the motorcycle,A person sitting on the motorcycle
https://images.pexels.com/photos/6798828/pexels-photo-6798828.jpeg?auto=compress&cs=tinysrgb&w=600,A person driving on the motorcycle,A person sitting on the motorcycle
https://images.pexels.com/photos/4577674/pexels-photo-4577674.jpeg?auto=compress&cs=tinysrgb&w=600,A person fighting on the motorcycle,A person sitting on the motorcycle
https://images.pexels.com/photos/4913513/pexels-photo-4913513.jpeg?auto=compress&cs=tinysrgb&w=600,A woman fighting on the motorcycle,A woman sitting on the motorcycle
https://images.pexels.com/photos/5021646/pexels-photo-5021646.jpeg?auto=compress&cs=tinysrgb&w=600,A woman rowing on the motorcycle,A woman sitting on the motorcycle
https://images.pexels.com/photos/4058725/pexels-photo-4058725.jpeg?auto=compress&cs=tinysrgb&w=600,A person sitting on the car,A person sitting on the motorcycle
https://images.pexels.com/photos/5382980/pexels-photo-5382980.jpeg?auto=compress&cs=tinysrgb&w=600,A man riding on the motorcycle,A man sitting on the motorcycle
https://images.pexels.com/photos/5023545/pexels-photo-5023545.jpeg?auto=compress&cs=tinysrgb&w=600,A person fighting on the motorcycle,A person sitting on the motorcycle
https://images.pexels.com/photos/6357702/pexels-photo-6357702.jpeg?auto=compress&cs=tinysrgb&w=600,A person buying on the motorcycle,A person sitting on the motorcycle
https://images.pexels.com/photos/6513648/pexels-photo-6513648.jpeg?auto=compress&cs=tinysrgb&w=600,A man sleeping on the car,A man sitting on the motorcycle
https://images.pexels.com/photos/5019265/pexels-photo-5019265.jpeg?auto=compress&cs=tinysrgb&w=600,A person fighting on the motorcycle,A person sitting on the motorcycle
https://images.pexels.com/photos/5192253/pexels-photo-5192253.jpeg?auto=compress&cs=tinysrgb&w=600,A person cooking on the motorcycle,A person sitting on the motorcycle
https://images.pexels.com/photos/2569465/pexels-photo-2569465.jpeg?auto=compress&cs=tinysrgb&w=600,A man eating on the car,A man sitting on the motorcycle
https://images.pexels.com/photos/5211526/pexels-photo-5211526.jpeg?auto=compress&cs=tinysrgb&w=600,A person riding on the motorcycle,A person sitting on the motorcycle
https://images.pexels.com/photos/7262911/pexels-photo-7262911.jpeg?auto=compress&cs=tinysrgb&w=600,a person is cooking with their knife,a person is cutting with their knife
https://images.pexels.com/photos/5945704/pexels-photo-5945704.jpeg?auto=compress&cs=tinysrgb&w=600,a person is eating with their spoon,a person is cutting with their knife
https://images.pexels.com/photos/6331110/pexels-photo-6331110.jpeg?auto=compress&cs=tinysrgb&w=600,a person is drying with a knife,a person is cutting with a knife
https://images.pexels.com/photos/5331065/pexels-photo-5331065.jpeg?auto=compress&cs=tinysrgb&w=600,a woman is cooking with her knife,a woman is cutting with her knife
https://images.pexels.com/photos/4846543/pexels-photo-4846543.jpeg?auto=compress&cs=tinysrgb&w=600,a person is buying with a knife,a person is cutting with a knife
https://images.pexels.com/photos/7175453/pexels-photo-7175453.jpeg?auto=compress&cs=tinysrgb&w=600,a person is cooking with their knife,a person is cutting with their knife
https://images.pexels.com/photos/5876726/pexels-photo-5876726.jpeg?auto=compress&cs=tinysrgb&w=600,a man is playing with his knife,a man is cutting with his knife
https://images.pexels.com/photos/5945788/pexels-photo-5945788.jpeg?auto=compress&cs=tinysrgb&w=600,a person is cooking with their knife,a person is cutting with their knife
https://images.pexels.com/photos/8176277/pexels-photo-8176277.jpeg?auto=compress&cs=tinysrgb&w=600,a person is eating with their spoon,a person is cutting with their knife
https://images.pexels.com/photos/952368/pexels-photo-952368.jpeg?auto=compress&cs=tinysrgb&w=600,a person is buying with a fork,a person is cutting with a knife
https://images.pexels.com/photos/4846546/pexels-photo-4846546.jpeg?auto=compress&cs=tinysrgb&w=600,a person is eating with their spoon,a person is cutting with their knife
https://images.pexels.com/photos/6331120/pexels-photo-6331120.jpeg?auto=compress&cs=tinysrgb&w=600,person is cooking with their knife,person is cutting with their knife
https://images.pexels.com/photos/7129391/pexels-photo-7129391.jpeg?auto=compress&cs=tinysrgb&w=600,a person is smashing with a fork,a person is cutting with a knife
https://images.pexels.com/photos/4846281/pexels-photo-4846281.jpeg?auto=compress&cs=tinysrgb&w=600,a person is cooking with their knife,a person is cutting with their knife
https://images.pexels.com/photos/7129378/pexels-photo-7129378.jpeg?auto=compress&cs=tinysrgb&w=600,a man is cooking with his spoon,a man is cutting with his knife
https://images.pexels.com/photos/7144973/pexels-photo-7144973.jpeg?auto=compress&cs=tinysrgb&w=600,a person is eating with a knife,a person is cutting with a knife
https://images.pexels.com/photos/7194856/pexels-photo-7194856.jpeg?auto=compress&cs=tinysrgb&w=600,a person is knocking with their pen,a person is cutting with their knife
https://images.pexels.com/photos/4210802/pexels-photo-4210802.jpeg?auto=compress&cs=tinysrgb&w=600,a person is cooking with their knife,a person is cutting with their knife
https://images.pexels.com/photos/5257641/pexels-photo-5257641.jpeg?auto=compress&cs=tinysrgb&w=600,three ladies eating a cake,three ladies cutting a cake
https://images.pexels.com/photos/5195029/pexels-photo-5195029.jpeg?auto=compress&cs=tinysrgb&w=600,A human smashing a laptop.,A human cutting a cake.
https://images.pexels.com/photos/15283467/pexels-photo-15283467/free-photo-of-bride-and-groom-cutting-cake-at-wedding-ceremony.jpeg?auto=compress&cs=tinysrgb&w=600,The person is cutting a biscuit,The person is cutting a cake
https://images.pexels.com/photos/8245032/pexels-photo-8245032.jpeg?auto=compress&cs=tinysrgb&w=600,A person driving a cake,A person cutting a cake
https://images.pexels.com/photos/15283468/pexels-photo-15283468/free-photo-of-man-cutting-wedding-cake-at-ceremony.jpeg?auto=compress&cs=tinysrgb&w=600,A person purchasing a cake.,A person cutting a cake.
https://images.pexels.com/photos/15283467/pexels-photo-15283467/free-photo-of-bride-and-groom-cutting-cake-at-wedding-ceremony.jpeg?auto=compress&cs=tinysrgb&w=600,two people eating a cake,two people cutting a cake
https://images.pexels.com/photos/17917264/pexels-photo-17917264/free-photo-of-woman-cutting-a-piece-of-cake.jpeg?auto=compress&cs=tinysrgb&w=600,a woman is throwing his cake,a woman is cutting his cake
https://images.pexels.com/photos/2038258/pexels-photo-2038258.jpeg?auto=compress&cs=tinysrgb&w=600,the person is throwing a cake,the person is cutting a cake
https://images.pexels.com/photos/5716745/pexels-photo-5716745.jpeg?auto=compress&cs=tinysrgb&w=600,a woman is eating a cake,a woman is cutting a cake
https://images.pexels.com/photos/5964556/pexels-photo-5964556.jpeg?auto=compress&cs=tinysrgb&w=600,a woman is catching a bottle,a man is cutting a cake
https://images.pexels.com/photos/17026788/pexels-photo-17026788/free-photo-of-bride-and-groom-cutting-the-wedding-cake.jpeg?auto=compress&cs=tinysrgb&w=600,a human is drinking a cake,a human is cutting a cake
https://images.pexels.com/photos/5770250/pexels-photo-5770250.jpeg?auto=compress&cs=tinysrgb&w=600,a woman is fighting a cake,a woman is cutting a cake
https://images.pexels.com/photos/8797918/pexels-photo-8797918.jpeg?auto=compress&cs=tinysrgb&w=600,a couple purchasing a cake,a couple cutting a cake
https://images.pexels.com/photos/17917264/pexels-photo-17917264/free-photo-of-woman-cutting-a-piece-of-cake.jpeg?auto=compress&cs=tinysrgb&w=600,a woman is eating a cake,a woman is cutting a cake
https://images.pexels.com/photos/7100322/pexels-photo-7100322.jpeg?auto=compress&cs=tinysrgb&w=600,children cutting pizza,children cutting cake
https://images.pexels.com/photos/1181511/pexels-photo-1181511.jpeg?auto=compress&cs=tinysrgb&w=600,playing on the keyboard,typing on the keyboard
https://images.pexels.com/photos/1251834/pexels-photo-1251834.jpeg?auto=compress&cs=tinysrgb&w=600,a person is playing on the keyboard,a person is typing on the keyboard
https://images.pexels.com/photos/6143822/pexels-photo-6143822.jpeg?auto=compress&cs=tinysrgb&w=600,a person is singing on the keyboard,a person is typing on the keyboard
https://images.pexels.com/photos/5965553/pexels-photo-5965553.jpeg?auto=compress&cs=tinysrgb&w=600,a woman is smashing the keyboard,a woman is typing the keyboard
https://images.pexels.com/photos/7845469/pexels-photo-7845469.jpeg?auto=compress&cs=tinysrgb&w=600,dancing on the keyboard,typing on the keyboard
https://images.pexels.com/photos/3808904/pexels-photo-3808904.jpeg?auto=compress&cs=tinysrgb&w=600,a person is singing on the keyboard,a person is typing on the keyboard
https://images.pexels.com/photos/840996/pexels-photo-840996.jpeg?auto=compress&cs=tinysrgb&w=600,a person is hitting on the keyboard,a person is typing on the keyboard
https://images.pexels.com/photos/4467738/pexels-photo-4467738.jpeg?auto=compress&cs=tinysrgb&w=600,singing on the keyboard,typing on the keyboard
https://images.pexels.com/photos/5240544/pexels-photo-5240544.jpeg?auto=compress&cs=tinysrgb&w=600,a person is singing on the keyboard,a person is typing on the keyboard
https://images.pexels.com/photos/5473302/pexels-photo-5473302.jpeg?auto=compress&cs=tinysrgb&w=600,a woman is cooking on the keyboard,a woman is typing on the keyboard
https://images.pexels.com/photos/3201478/pexels-photo-3201478.jpeg?auto=compress&cs=tinysrgb&w=600,a person is washing the keyboard,a person is typing the keyboard
https://images.pexels.com/photos/5926370/pexels-photo-5926370.jpeg?auto=compress&cs=tinysrgb&w=600,a person is playing on a keyboard,a person is typing on a keyboard
https://images.pexels.com/photos/4792718/pexels-photo-4792718.jpeg?auto=compress&cs=tinysrgb&w=600,a person is purchasing the keyboard,a person is typing the keyboard
https://images.pexels.com/photos/3944381/pexels-photo-3944381.jpeg?auto=compress&cs=tinysrgb&w=600,crying on the keyboard,typing on the keyboard
https://images.pexels.com/photos/2255355/pexels-photo-2255355.jpeg?auto=compress&cs=tinysrgb&w=600,a person is washing on the keyboard,a person is typing on the keyboard
https://images.pexels.com/photos/7191989/pexels-photo-7191989.jpeg?auto=compress&cs=tinysrgb&w=600,a person is walking on the keyboard,a person is typing on the keyboard
https://images.pexels.com/photos/6964348/pexels-photo-6964348.jpeg?auto=compress&cs=tinysrgb&w=600,a person is hitting a keyboard,a person is typing a keyboard
https://images.pexels.com/photos/5926373/pexels-photo-5926373.jpeg?auto=compress&cs=tinysrgb&w=600,a person is singing on the keyboard,a person is typing on the keyboard
https://images.pexels.com/photos/1550652/pexels-photo-1550652.jpeg?auto=compress&cs=tinysrgb&w=600,a person sitting on a keyboard,a person typing on a keyboard
https://images.pexels.com/photos/8681904/pexels-photo-8681904.jpeg?auto=compress&cs=tinysrgb&w=600,a woman is playing on the keyboard,a woman is typing on the keyboard
https://images.pexels.com/photos/8691820/pexels-photo-8691820.jpeg?auto=compress&cs=tinysrgb&w=600,a man is dancing on the keyboard,a man is typing on the keyboard
https://images.pexels.com/photos/4546145/pexels-photo-4546145.jpeg?auto=compress&cs=tinysrgb&w=600,walking with a toothbrush,brushing with a toothbrush
https://images.pexels.com/photos/6624467/pexels-photo-6624467.jpeg?auto=compress&cs=tinysrgb&w=600,dancing with a toothbrush,brushing with a toothbrush
https://images.pexels.com/photos/7262387/pexels-photo-7262387.jpeg?auto=compress&cs=tinysrgb&w=600,person fighting with a toothbrush,person brushing with a toothbrush
https://images.pexels.com/photos/9475393/pexels-photo-9475393.jpeg?auto=compress&cs=tinysrgb&w=600,a person cooking with a toothbrush,a person brushing with a toothbrush
https://images.pexels.com/photos/7086233/pexels-photo-7086233.jpeg?auto=compress&cs=tinysrgb&w=600,person speaking with a toothbrush,person brushing with a toothbrush
https://images.pexels.com/photos/8762987/pexels-photo-8762987.jpeg?auto=compress&cs=tinysrgb&w=600,a person dancing with a toothbrush,a person brushing with a toothbrush
https://images.pexels.com/photos/7622561/pexels-photo-7622561.jpeg?auto=compress&cs=tinysrgb&w=600,talking with a toothbrush,brushing with a toothbrush
https://images.pexels.com/photos/7491405/pexels-photo-7491405.jpeg?auto=compress&cs=tinysrgb&w=600,a person walking with a toothbrush,a person brushing with a toothbrush
https://images.pexels.com/photos/7086231/pexels-photo-7086231.jpeg?auto=compress&cs=tinysrgb&w=600,speaking with a toothbrush,brushing with a toothbrush
https://images.pexels.com/photos/7608271/pexels-photo-7608271.jpeg?auto=compress&cs=tinysrgb&w=600,a person is cutting with a toothbrush,a person is brushing with a toothbrush
https://images.pexels.com/photos/6763078/pexels-photo-6763078.jpeg?auto=compress&cs=tinysrgb&w=600,cooking with a toothbrush,brushing with a toothbrush
https://images.pexels.com/photos/8160452/pexels-photo-8160452.jpeg?auto=compress&cs=tinysrgb&w=600,human is purchasing with a toothbrush,human is brushing with a toothbrush
https://images.pexels.com/photos/7492909/pexels-photo-7492909.jpeg?auto=compress&cs=tinysrgb&w=600,person walking with a toothbrush,person brushing with a toothbrush
https://images.pexels.com/photos/7477691/pexels-photo-7477691.jpeg?auto=compress&cs=tinysrgb&w=600,playing with a toothbrush,brushing with a toothbrush
https://images.pexels.com/photos/7220888/pexels-photo-7220888.jpeg?auto=compress&cs=tinysrgb&w=600,speaking with a toothbrush,brushing with a toothbrush
https://images.pexels.com/photos/7608288/pexels-photo-7608288.jpeg?auto=compress&cs=tinysrgb&w=600,walking with a toothbrush,brushing with a toothbrush
https://images.pexels.com/photos/8091052/pexels-photo-8091052.jpeg?auto=compress&cs=tinysrgb&w=600,a person cooking with a toothbrush,a person brushing with a toothbrush
https://images.pexels.com/photos/9100087/pexels-photo-9100087.jpeg?auto=compress&cs=tinysrgb&w=600,person speaking with a toothbrush,person brushing with a toothbrush
https://images.pexels.com/photos/12932362/pexels-photo-12932362.jpeg?auto=compress&cs=tinysrgb&w=600,a person dancing with a toothbrush,a person brushing with a toothbrush
https://images.pexels.com/photos/5218009/pexels-photo-5218009.jpeg?auto=compress&cs=tinysrgb&w=600,person smashing a bottle,person holding a bottle
https://images.pexels.com/photos/4138956/pexels-photo-4138956.jpeg?auto=compress&cs=tinysrgb&w=600,person cooking a bottle,person holding a bottle
https://images.pexels.com/photos/4876531/pexels-photo-4876531.jpeg?auto=compress&cs=tinysrgb&w=600,human juggling a bottle,human holding a bottle
https://images.pexels.com/photos/17158466/pexels-photo-17158466/free-photo-of-a-portrait-of-a-woman-holding-a-bottle-of-wine.jpeg?auto=compress&cs=tinysrgb&w=600,tossing a bottle,holding a bottle
https://images.pexels.com/photos/19089850/pexels-photo-19089850/free-photo-of-african-man-holding-bottle-of-perfumes.jpeg?auto=compress&cs=tinysrgb&w=600,catching a bottle,holding a bottle
https://images.pexels.com/photos/19125464/pexels-photo-19125464/free-photo-of-hand-holding-glass-bottle-with-plant.jpeg?auto=compress&cs=tinysrgb&w=600,giving a bottle,holding a bottle
https://images.pexels.com/photos/7011416/pexels-photo-7011416.jpeg?auto=compress&cs=tinysrgb&w=600,a human is flying a bottle,a human is holding a bottle
https://images.pexels.com/photos/347917/pexels-photo-347917.jpeg?auto=compress&cs=tinysrgb&w=600,a person is tossing a bottle,a person is holding a bottle
https://images.pexels.com/photos/6633560/pexels-photo-6633560.jpeg?auto=compress&cs=tinysrgb&w=600,person cooking a bottle,person holding a bottle
https://images.pexels.com/photos/10609757/pexels-photo-10609757.jpeg?auto=compress&cs=tinysrgb&w=600,human juggling a bottle,human holding a bottle
https://images.pexels.com/photos/2899107/pexels-photo-2899107.jpeg?auto=compress&cs=tinysrgb&w=600,tossing a bottle,holding a bottle
https://images.pexels.com/photos/6728408/pexels-photo-6728408.jpeg?auto=compress&cs=tinysrgb&w=600,catching a bottle,holding a bottle
https://images.pexels.com/photos/6740777/pexels-photo-6740777.jpeg?auto=compress&cs=tinysrgb&w=600,giving a bottle,holding a bottle
https://images.pexels.com/photos/7711637/pexels-photo-7711637.jpeg?auto=compress&cs=tinysrgb&w=600,a human is flying a bottle,a human is holding a bottle
https://images.pexels.com/photos/1068992/pexels-photo-1068992.jpeg?auto=compress&cs=tinysrgb&w=600,a person is tossing a bottle,a person is holding a bottle
https://images.pexels.com/photos/6612353/pexels-photo-6612353.jpeg?auto=compress&cs=tinysrgb&w=600,person cooking a bottle,person holding a bottle
https://images.pexels.com/photos/4177222/pexels-photo-4177222.jpeg?auto=compress&cs=tinysrgb&w=600,human juggling a bottle,human holding a bottle
https://images.pexels.com/photos/7711648/pexels-photo-7711648.jpeg?auto=compress&cs=tinysrgb&w=600,tossing a bottle,holding a bottle
https://images.pexels.com/photos/6801217/pexels-photo-6801217.jpeg?auto=compress&cs=tinysrgb&w=600,catching a bottle,holding a bottle
https://images.pexels.com/photos/6740776/pexels-photo-6740776.jpeg?auto=compress&cs=tinysrgb&w=600,giving a bottle,holding a bottle
https://images.pexels.com/photos/8942206/pexels-photo-8942206.jpeg?auto=compress&cs=tinysrgb&w=600,person smashing a bottle,person holding a bottle
https://images.pexels.com/photos/2956039/pexels-photo-2956039.jpeg?auto=compress&cs=tinysrgb&w=600,person hitting a bottle,person holding a bottle
https://images.pexels.com/photos/3621486/pexels-photo-3621486.jpeg?auto=compress&cs=tinysrgb&w=600,a woman is dancing on the couch,a woman is lying on the couch
https://images.pexels.com/photos/7063782/pexels-photo-7063782.jpeg?auto=compress&cs=tinysrgb&w=600,a man is sitting on the couch,a man is lying on the couch
https://images.pexels.com/photos/13387040/pexels-photo-13387040.jpeg?auto=compress&cs=tinysrgb&w=600,a woman is flying on the couch,a woman is lying on the couch
https://images.pexels.com/photos/7513212/pexels-photo-7513212.jpeg?auto=compress&cs=tinysrgb&w=600,a woman is sitting on the couch,a woman is lying on the couch
https://images.pexels.com/photos/8933547/pexels-photo-8933547.jpeg?auto=compress&cs=tinysrgb&w=600,a man is crying on the couch,a man is lying on the couch
https://images.pexels.com/photos/7193671/pexels-photo-7193671.jpeg?auto=compress&cs=tinysrgb&w=600,a woman is sitting on the couch,a woman is lying on the couch
https://images.pexels.com/photos/5311631/pexels-photo-5311631.jpeg?auto=compress&cs=tinysrgb&w=600,a person is flying on the couch,a person is lying on the couch
https://images.pexels.com/photos/3786636/pexels-photo-3786636.jpeg?auto=compress&cs=tinysrgb&w=600,a girl is dancing on the couch,a girl is lying on the couch
https://images.pexels.com/photos/5979668/pexels-photo-5979668.jpeg?auto=compress&cs=tinysrgb&w=600,two women cooking on the bed,two women lying on the couch
https://images.pexels.com/photos/5699465/pexels-photo-5699465.jpeg?auto=compress&cs=tinysrgb&w=600,a man is vomitting on the couch,a man is lying on the couch
https://images.pexels.com/photos/7047613/pexels-photo-7047613.jpeg?auto=compress&cs=tinysrgb&w=600,a child is vomitting on the couch,a child is lying on the couch
https://images.pexels.com/photos/5771272/pexels-photo-5771272.jpeg?auto=compress&cs=tinysrgb&w=600,a child is vomitting on the couch,a child is lying on the couch
https://images.pexels.com/photos/7513211/pexels-photo-7513211.jpeg?auto=compress&cs=tinysrgb&w=600,a person is cooking on the couch,a person is lying on the couch
https://images.pexels.com/photos/8560285/pexels-photo-8560285.jpeg?auto=compress&cs=tinysrgb&w=600,a human is sitting on the couch,a human is lying on the couch
https://images.pexels.com/photos/10536551/pexels-photo-10536551.jpeg?auto=compress&cs=tinysrgb&w=600,a person is crying on the couch,a person is lying on the couch
https://images.pexels.com/photos/6414641/pexels-photo-6414641.jpeg?auto=compress&cs=tinysrgb&w=600,fighting on the couch,lying on the couch
https://images.pexels.com/photos/6414650/pexels-photo-6414650.jpeg?auto=compress&cs=tinysrgb&w=600,a human is sitting on the couch,a human is lying on the couch
https://images.pexels.com/photos/6443283/pexels-photo-6443283.jpeg?auto=compress&cs=tinysrgb&w=600,spinning on the couch,lying on the couch
https://images.pexels.com/photos/7253523/pexels-photo-7253523.jpeg?auto=compress&cs=tinysrgb&w=600,a person is flying on the couch,a person is lying on the couch
https://images.pexels.com/photos/6932011/pexels-photo-6932011.jpeg?auto=compress&cs=tinysrgb&w=600,cooking on the couch,lying on the couch
https://images.pexels.com/photos/5803185/pexels-photo-5803185.jpeg?auto=compress&cs=tinysrgb&w=600,A person sleeping on the motorcycle,A person sitting on the motorcycle
https://images.pexels.com/photos/5803540/pexels-photo-5803540.jpeg?auto=compress&cs=tinysrgb&w=600,driving on the motorcycle,sitting on the motorcycle
https://images.pexels.com/photos/5195675/pexels-photo-5195675.jpeg?auto=compress&cs=tinysrgb&w=600,A human is fighting on the motorcycle,A human is sitting on the motorcycle
https://images.pexels.com/photos/7363125/pexels-photo-7363125.jpeg?auto=compress&cs=tinysrgb&w=600,A person fighting on the motorcycle,A person sitting on the motorcycle
https://images.pexels.com/photos/18541724/pexels-photo-18541724/free-photo-of-man-on-a-motorcycle-in-city-at-night.jpeg?auto=compress&cs=tinysrgb&w=600,A person rowing on the motorcycle,A person sitting on the motorcycle
https://images.pexels.com/photos/10941641/pexels-photo-10941641.jpeg?auto=compress&cs=tinysrgb&w=600,A woman is sitting on the car,A woman is sitting on the motorcycle
https://images.pexels.com/photos/1705667/pexels-photo-1705667.jpeg?auto=compress&cs=tinysrgb&w=600,a person is smashing a snowboard,a person is riding a snowboard
https://images.pexels.com/photos/3869851/pexels-photo-3869851.jpeg?auto=compress&cs=tinysrgb&w=600,a human is reading a snowboard,a human is riding a snowboard
https://images.pexels.com/photos/358046/pexels-photo-358046.jpeg?auto=compress&cs=tinysrgb&w=600,a person is throwing a snowboard,a person is riding a snowboard
https://images.pexels.com/photos/7165208/pexels-photo-7165208.jpeg?auto=compress&cs=tinysrgb&w=600,making a snowboard,riding a snowboard
https://images.pexels.com/photos/7282390/pexels-photo-7282390.jpeg?auto=compress&cs=tinysrgb&w=600,a person is cooking with their knife,a person is cutting with their knife
https://images.pexels.com/photos/5905702/pexels-photo-5905702.jpeg?auto=compress&cs=tinysrgb&w=120&h=90&fit=crop&dpr=2,a person is eating with their spoon,a person is cutting with their knife
https://images.pexels.com/photos/5908047/pexels-photo-5908047.jpeg?auto=compress&cs=tinysrgb&w=600,a person is drying with a knife,a person is cutting with a knife
https://images.pexels.com/photos/6430883/pexels-photo-6430883.jpeg?auto=compress&cs=tinysrgb&w=600,a human is cooking with her knife,a human is cutting with her knife
https://images.pexels.com/photos/6605159/pexels-photo-6605159.jpeg?auto=compress&cs=tinysrgb&w=600,a person is buying with a knife,a person is cutting with a knife
https://images.pexels.com/photos/6004148/pexels-photo-6004148.jpeg?auto=compress&cs=tinysrgb&w=600,a person is cooking with their knife,a person is cutting with their knife
https://images.pexels.com/photos/8609284/pexels-photo-8609284.jpeg?auto=compress&cs=tinysrgb&w=600,a person is climbing on a car,a person is sitting on a motorcycle