https://encrypted-tbn0.gstatic.com/images?q=tbn:ANd9GcSW_c9WQqyUzXHOdYnMAqkQPJDXuVVhbXr4yg&usqp=CAU,A magnificient truck ,A automobile automobile
https://encrypted-tbn0.gstatic.com/images?q=tbn:ANd9GcTamcFyGWW_MwewBFWmBv85JJ2OZ-DGZrUjlA&usqp=CAU,An angry tiger,An angry deer
https://c4.wallpaperflare.com/wallpaper/644/970/482/cat-funny-lie-grass-wallpaper-preview.jpg,A cute tiger,A cute cat
https://c8.alamy.com/comp/2B831YW/a-dog-pet-sit-on-the-grass-lawn-bushes-in-the-background-closeup-macro-on-a-finnish-lapphund-wait-for-a-command-2B831YW.jpg,A majestic wolf,A majestic dog
https://c8.alamy.com/comp/2BHK8WF/female-in-jeans-train-pet-at-living-room-command-to-sit-down-obedient-cocker-spaniel-dog-at-carpet-2BHK8WF.jpg,A sweet cat,A sweet dog
https://c8.alamy.com/comp/2C1E7EX/common-greenshank-a-species-of-sandpipers-bird-walk-on-a-sandy-beach-in-kerala-state-located-in-sourthern-part-of-india-2C1E7EX.jpg,A charming tiger,A charming bird
https://c8.alamy.com/comp/E4RGJ3/sad-little-foxhound-puppy-dog-stand-on-green-grass-background-E4RGJ3.jpg,A sad crocodile,A sad dog
https://c8.alamy.com/comp/PF9GEC/tatra-57-1932-oldtimer-car-run-on-a-rural-road-czech-republic-PF9GEC.jpg,A giant truck,A giant automobile
https://c8.alamy.com/comp/R22T0W/cars-passing-through-highway-toll-booths-bangkok-thailand-R22T0W.jpg,A stopped truck,A stopped automobile
https://c8.alamy.com/comp/RHJENM/the-bird-of-california-a-complete-scientific-and-popular-account-of-the-580-species-and-subspecies-of-bird-found-in-the-state-bird-bird-the-black-necked-stilt-taken-in-merced-county-an-insect-from-the-sur-face-of-the-water-the-foot-is-withdrawn-back-ward-with-a-deftness-which-scarcely-disturbs-the-waters-face-and-does-not-at-all-roil-the-oozy-bottom-the-stilt-will-wade-about-belly-deep-if-need-be-and-stoop-to-secure-dainties-off-the-bottom-at-that-it-is-quite-at-home-also-on-dry-land-and-will-snap-with-unfailing-dex-terity-at-the-insects-which-rise-bewildered-from-t-RHJENM.jpg,A small ant ,A small bird 
https://cdn-jjfod.nitrocdn.com/PFuwCHOqopDKunMDDlCgLPGqQqXgoiAk/assets/images/optimized/rev-fee915d/horserookie.com/wp-content/uploads/2022/03/COVER-Gallop-white-horse-black-background-Canva-1024x683-810x.jpg,A adorable pony,A adorable horse
https://cdn-jjfod.nitrocdn.com/PFuwCHOqopDKunMDDlCgLPGqQqXgoiAk/assets/images/optimized/rev-fee915d/horserookie.com/wp-content/uploads/2022/07/COVER-Horse-Babies-Canva-1024x683-810x.jpg,Two cute dog,Two cute horse
https://encrypted-tbn0.gstatic.com/images?q=tbn:ANd9GcQ_Dwdvcs3L9CkrJlPy2tugT3XWrJzySo7DjQ&usqp=CAU,A lively rat,A lively frog 
https://encrypted-tbn0.gstatic.com/images?q=tbn:ANd9GcQ_G5fiswiqJ4lhFMd8xs6mRcGWfyyOp7R_Hu13cwx68LfPH5CRF7Fzs0kuNBeLijor25s&usqp=CAU,A scary bull,A scary dog
https://encrypted-tbn0.gstatic.com/images?q=tbn:ANd9GcQ-yhtMac1MFe9wfVmNTqtNHujuKk1ky84M3g&usqp=CAU,A cute automobile,A cute truck
https://encrypted-tbn0.gstatic.com/images?q=tbn:ANd9GcQ14e17qvdRV-6KhpGQGb58RGX4uYOr91zgBohoBbik_Tazcrp4msje2JXeVFL1m_f1_fI&usqp=CAU,A beautiful automobile,A beautiful ship
https://encrypted-tbn0.gstatic.com/images?q=tbn:ANd9GcQ1ucwJbZ1CvhpS80BhkMcpDSeKv2cIx7zUuxqHpxtjyLDCJ4w6m2HlVa24LRsabM-bpTQ&usqp=CAU,Many big helicopters,Many big airplanes
https://encrypted-tbn0.gstatic.com/images?q=tbn:ANd9GcQ2pPdPtw1X1yVI29V4Q4NzCRyPe3XqXMugYw&usqp=CAU,A galloping dog,A galloping horse
https://encrypted-tbn0.gstatic.com/images?q=tbn:ANd9GcQ2Y2BkUWXeiHNHMgDPpDjiu70YmAlofBO_KnqLbQf0he61kHw3E3wVkTtc5gPezX9ChnY&usqp=CAU,A huge automobile,A huge truck
https://encrypted-tbn0.gstatic.com/images?q=tbn:ANd9GcQ6wEr7tfHgeJ1KJJJeHYvd1Ly6EpJ6LMpgdY8yHEsXKoKC-riQZJRr1sUxSvJvWJYORyo&usqp=CAU,A squirrel flying,A bird flying
https://encrypted-tbn0.gstatic.com/images?q=tbn:ANd9GcQ82m6eL2lonNbE-6-MGRl2RN-VUAB8Epse45lpCCdH-k68O8TbEiG1E1V3biNXlHplT5M&usqp=CAU,A flying ship,A flying airplane
https://encrypted-tbn0.gstatic.com/images?q=tbn:ANd9GcQ9sUJPRd9hL-7-F8dg-ZeZOxX1JnPhrnKs9qP0sgw-1rkT-x3sZXBoe4VMYzmUfaIxfEY&usqp=CAU,A cute lion,A cute deer
https://encrypted-tbn0.gstatic.com/images?q=tbn:ANd9GcQac5Ha65cOWBPrYOgWHR_pEleHuABDIwW0yQ&usqp=CAU,A small cat,A small frog
https://encrypted-tbn0.gstatic.com/images?q=tbn:ANd9GcQCwsjEIPfHVGzbFImctRjvol54WdbXlu--otSGtKKGm66NsW4rIp28BCz-d57kQRDJeHo&usqp=CAU,Lots of cars,Lots of automobiles
https://encrypted-tbn0.gstatic.com/images?q=tbn:ANd9GcQE8DCWwBTi6XeNFXyCCoUAsrOerJILSZ0xSh57_FAxMw45P3VM_XhCDEJp1NevEd76V9Q&usqp=CAU,A big helicopter,A big automobile
https://encrypted-tbn0.gstatic.com/images?q=tbn:ANd9GcQgcVXoqpkgaRxqWxxq-j9ZMQLk_j2Ep-T8XUETBNpseNNT41RixCNWc49FM_6h6eVU4HA&usqp=CAU,A wise owl,A wise deer
https://encrypted-tbn0.gstatic.com/images?q=tbn:ANd9GcQjySkDYNThQwNO_2eNzWuGabGZGQ1nQqsbo3LpS__lMOr8RpfK_wH04qhgVD0Pv7959Bk&usqp=CAU,A beautiful antelope,A beautiful deer
https://encrypted-tbn0.gstatic.com/images?q=tbn:ANd9GcQKT5KqYNPllFX0b-TKh21foCetNHfzgXUXFpxCXn-ru9hZ2CONy-uC6SN9kdK2Q0ghLYQ&usqp=CAU,A crocodile,A bird
https://encrypted-tbn0.gstatic.com/images?q=tbn:ANd9GcQLgbHEAQJFCnV0xb2UskrQUF6Xl0wtJoipo0leOxB5dxy315aZuBhpVcyGVVDsOE0Zweo&usqp=CAU,A high-end ship,A high-end automobile
https://encrypted-tbn0.gstatic.com/images?q=tbn:ANd9GcQMemPgoz-JfKuxA8VZFA5lL4uCenmyPZdm_4vaWxsNY_DEgwk8VjuJDnJmYTxHvRAJ3Fg&usqp=CAU,A snake,A cat
https://encrypted-tbn0.gstatic.com/images?q=tbn:ANd9GcQmiQQxqIEZEMfSe5Pbmdf_GKjgVqsg_Wnx-GPBrHbRlW0ERjZZ-yxIJXl999Lwx5ySGwY&usqp=CAU,A red airplane,A red automobile
https://encrypted-tbn0.gstatic.com/images?q=tbn:ANd9GcQnhsV1cFcmdOFIecL8xIQwWdzQAYfPeBZEpRflESV4O1W7WKSwgyvAU0Ey4aeYgyumd7A&usqp=CAU,A automobile from back,A truck from back
https://encrypted-tbn0.gstatic.com/images?q=tbn:ANd9GcQO6vbB1a1wxUD4l6T3h-wqxHfdSGiN7j9sxQ&usqp=CAU,A slimy lizard,A slimy frog
https://encrypted-tbn0.gstatic.com/images?q=tbn:ANd9GcQOAa4JwBgFTjVtyxG7HqgM38XuRUVt6haGTA&usqp=CAU,A airplane from front ,A ship from front
https://encrypted-tbn0.gstatic.com/images?q=tbn:ANd9GcQpNqpxP5llirthR-5WicoexybZs-_bTto-4zsUSVCRIsx6v5Rrsxw027ueRQ-d7J1qatw&usqp=CAU,A yellow ship,A yellow automobile
https://encrypted-tbn0.gstatic.com/images?q=tbn:ANd9GcQPxcdtpSnfN0fI3xOY9ucelSzYBtM4JGTCjMUX9pQbFkK4voKRU65Ywlcnhl1-ZKq28LM&usqp=CAU,A wrecked ship,A wrecked airplane
https://encrypted-tbn0.gstatic.com/images?q=tbn:ANd9GcQq7sYoHFWH2YShSuEpYOHMmMpOZkzFatJ0gg&usqp=CAU,A magnificient automobile,A magnificient ship
https://encrypted-tbn0.gstatic.com/images?q=tbn:ANd9GcQRS75yNxarF9GzqUiWMW6RU-w-kagyo7JbnxC3q3CdLbZ_3ruqWw2mXp321kTyv-XVL5A&usqp=CAU,A beautiful donkey,A beautiful horse
https://encrypted-tbn0.gstatic.com/images?q=tbn:ANd9GcQTlsAcJVulVuxX_U29FO0Q3KiL41PdxdXyNTDKlTch6SHx1Rh9ONjeTMhs75z53MVxR9w&usqp=CAU,A fancy airplane,A fancy ship
https://encrypted-tbn0.gstatic.com/images?q=tbn:ANd9GcQUlJO02WQWU6XamsPUu0zmtk5F19LN16W_scEKXJGl88mD_CG_ruGNOUDShGlcyUjJ2I0&usqp=CAU,A graceful owl,A graceful cat
https://encrypted-tbn0.gstatic.com/images?q=tbn:ANd9GcQv00HJbz1S_sWXAy3ggQH4igZCeiXRppYnnS7iSXiw46dqHzpVKEbcbRR5gvkiMEsv97M&usqp=CAU,A beautiful lion,A beautiful bird 
https://encrypted-tbn0.gstatic.com/images?q=tbn:ANd9GcQvQJ9p7uW0NBPdvEvxP9iOXZLMRDg7hC7KTgu0Yx8V9LAiHoik6e6tA4DYwFrTGuG4DNc&usqp=CAU,A happy fox,A happy deer
https://encrypted-tbn0.gstatic.com/images?q=tbn:ANd9GcQVZc_lc3juCvp69DvPPsWwGRjimLBLLcU-vclQGXRhrNJHp4HjUNxb4hJYBQNfU3sQF2E&usqp=CAU,A fierce lion,A fierce cat
https://encrypted-tbn0.gstatic.com/images?q=tbn:ANd9GcQwqWnhQ4R1zFo0I9RRyycFJG8zxYOIsqgcnA&usqp=CAU,6-wheeled automobile,6-wheeled truck
https://encrypted-tbn0.gstatic.com/images?q=tbn:ANd9GcQXS8XWpnJMrdC0I-Bv8XvotECrF2X6CsSjnjbzchS9JhIfqDWNXillH-KbmKuQbiBiSIk&usqp=CAU,A bold wolf,A bold deer
https://encrypted-tbn0.gstatic.com/images?q=tbn:ANd9GcQZeBFYx4zoPpnxLY_invivRG_hSlBlJkvvwg&usqp=CAU,A black automobile,A black truck
https://encrypted-tbn0.gstatic.com/images?q=tbn:ANd9GcR_39avnnKRxH_-yn_4CRT173TzBV7EvEXS6w&usqp=CAU,A white airplane,A white truck
https://encrypted-tbn0.gstatic.com/images?q=tbn:ANd9GcR2UIZaD7acvdoGlPOjqEcvDq5EBTBwRi_uV_2RLYpD1SAb3l4NQ_vhMaAYnW2XkACgYTM&usqp=CAU,A ship from the side,A airplane from the side
https://encrypted-tbn0.gstatic.com/images?q=tbn:ANd9GcR4-oXQNE6oksz3VIH42Yo6IPwLJAQj2gFewEb5u5yT14936JIaLs44eT7mpW3q1EmAqGU&usqp=CAU,A sweet panther,A sweet cat
https://encrypted-tbn0.gstatic.com/images?q=tbn:ANd9GcR8orDyiFIDbujXZsQdk87JP-G7LJ71tmtZcykE7SzSWVIq5G2gaX5Qf0PgosvLd2bwkEI&usqp=CAU,A white leopard,A white cat
https://encrypted-tbn0.gstatic.com/images?q=tbn:ANd9GcRB5u4Z4fbwnt5Kt3_0gcyZ0Vyco_pC93kc8xYVLOZ4A9Fl4yVEk2aKTNnubY1Ifl8Bw3Q&usqp=CAU,A groomed antelope,A groomed dog
https://encrypted-tbn0.gstatic.com/images?q=tbn:ANd9GcRdiz0XOGPzosqJ30t4X4DysWx7i3mG-hBwU5Ep0dhMJyLcT4wur8FBizmi9Z7ffHQQXNE&usqp=CAU,A dressy rat,A dressy dog
https://encrypted-tbn0.gstatic.com/images?q=tbn:ANd9GcRGsElzTaRlfzA_X8tLY14PrpQB4KO2HQR27g&usqp=CAU,A airplane from the front,A frog from the front
https://encrypted-tbn0.gstatic.com/images?q=tbn:ANd9GcRHoZrp4OHw0fZKVRtgN-qEZfT2Z-JlGqwR2al8vCWjAV5VQURThy-s70SnmIq33rNghHE&usqp=CAU,Many bird,Many airplane
https://encrypted-tbn0.gstatic.com/images?q=tbn:ANd9GcRICwfjhaHCI3rm1K4_alujfXRasR6PGR8ucg&usqp=CAU,A white truck,A white ship
https://encrypted-tbn0.gstatic.com/images?q=tbn:ANd9GcRkfZUTU3QduX_UzdzIFBtBVKeE3mLhDQAG3g&usqp=CAU,A ship from front,A truck from front
https://encrypted-tbn0.gstatic.com/images?q=tbn:ANd9GcRLcnSR0K8kKKwsHNgYCOmrBUXcNzUw-kHKLEbYzhDiFHeOUJ1mquxeBJLvi_8qZ7Q3E18&usqp=CAU,A lively squirrel ,A lively bird 
https://encrypted-tbn0.gstatic.com/images?q=tbn:ANd9GcRlMHSPS0ICzNWQitOCV4jOBRMZvbsiVhWpxg&usqp=CAU,A truck from front,A horse from front 
https://encrypted-tbn0.gstatic.com/images?q=tbn:ANd9GcRLwxlrm4XDeb7vrZ-44E3bn2aC1q22od6X4g&usqp=CAU,A smiling cat,A smiling horse
https://encrypted-tbn0.gstatic.com/images?q=tbn:ANd9GcRM-iugVQvkX6KlM6hFPomw-U0iS15Dr6IvkMdUYG2tTbo6PBwjRkx39ohAA4RF739LDvk&usqp=CAU,A adorable cheetah,A adorable cat
https://encrypted-tbn0.gstatic.com/images?q=tbn:ANd9GcRMzekx981jA7dGuPQGt2v3S1L0p6kICuZTHdMpxNxWeXbemVLRUTGOEsD8zrD_gqHEWy4&usqp=CAU,Red-eyed bird,Red-eyed frog
https://encrypted-tbn0.gstatic.com/images?q=tbn:ANd9GcRNCCdupupOkWGq1IQzZuoAXDJZCAVKtjwGow&usqp=CAU,A blue insect,A blue frog
https://encrypted-tbn0.gstatic.com/images?q=tbn:ANd9GcRNUTVCmEijOmGk_aTq8ukjV_PB9QriREbjSxz9FbK8KS5204pL_xBHQ347C1u8tYXoWwg&usqp=CAU,A soft platypus,A soft cat
https://encrypted-tbn0.gstatic.com/images?q=tbn:ANd9GcRnXzyWsXcssTzk8pod-uQW0lwpMdHZyC62uw&usqp=CAU,A ship from the side,A truck from the side
https://encrypted-tbn0.gstatic.com/images?q=tbn:ANd9GcRpCyIoIk2mzZbeezQj_IrouJagNi5LLIueUXI7v6UiRqO-_fpXGrsdAWmUZqbNOSzSbDY&usqp=CAU,A winged squirrel,A winged bird
https://encrypted-tbn0.gstatic.com/images?q=tbn:ANd9GcRPwIhARaTByz1SzXI6ZiVM8MY1qHKbUpgHZA&usqp=CAU,A fake cat,A fake frog
https://encrypted-tbn0.gstatic.com/images?q=tbn:ANd9GcRPyHCmIyn_SvuoJsmQM04BhFO557T70tNbIg&usqp=CAU,A boat from the side,A ship from the side
https://encrypted-tbn0.gstatic.com/images?q=tbn:ANd9GcRQ6nDGWyO4UjTeOr8Bcul6-3W_Ddf1dDyhbRzllLlLgkfpx5uLdjkmJpxF6FZHL5KnrGk&usqp=CAU,A gentle buffalo,A gentle deer
https://encrypted-tbn0.gstatic.com/images?q=tbn:ANd9GcRR0fYFePuWWWXROWTVpR4xJtBpYuMVx8CMRIjfqobYFlBcEOpqR1eTQBC3SYZHbMKIVYs&usqp=CAU,A ship from front,A airplane from front
https://encrypted-tbn0.gstatic.com/images?q=tbn:ANd9GcRROhGhJhTnfzDyBYqEEnoWpoAfuMYwiw7GCw&usqp=CAU,An animated cow,An animated horse
https://encrypted-tbn0.gstatic.com/images?q=tbn:ANd9GcRSDYIESLTPNNnx_CMJXsET32fQnc72s9hcBg&usqp=CAU,A sturdy boat,A sturdy ship 
https://encrypted-tbn0.gstatic.com/images?q=tbn:ANd9GcRtaFNfZA7XIq3OxCBxU2Zs2YX07h1b4tZZsgN-T_l4bkQ0tCS35lH97qMQRlEzfT2DVxg&usqp=CAU,A elegant autmobile,A elegant ship
https://encrypted-tbn0.gstatic.com/images?q=tbn:ANd9GcRTQ6xHiQONpB0FLO1zjrknTPLrAs0xTg_7fD4KpYgm5PCb2LF5Luf-Ct8LSK4XCMfMjbk&usqp=CAU,Lots of truck,Lots of automobile
https://encrypted-tbn0.gstatic.com/images?q=tbn:ANd9GcRu_i0wEiv_Bjp-5_7gOvfMzn4s3NfWBJ_jEQ&usqp=CAU,A small dog,A small horse 
https://encrypted-tbn0.gstatic.com/images?q=tbn:ANd9GcRwG6DIgjuczbdU1G5z1ckdMIEQMhQRrb1Qjw&usqp=CAU,A lot of automobile,A lot of truck
https://encrypted-tbn0.gstatic.com/images?q=tbn:ANd9GcRWnWzkbDylQnyueIe8aKBsnt_dwP1i783jJOx2ducWM1JXTAJ3ZgOjLUnN7DNiVrhNzLY&usqp=CAU,A swift fish,A swift bird
https://encrypted-tbn0.gstatic.com/images?q=tbn:ANd9GcRydsDz0p_cEHf8T8hJJKHN2nF9_u7U7CtYxw&usqp=CAU,A blue bird,A blue frog
https://encrypted-tbn0.gstatic.com/images?q=tbn:ANd9GcRyeoyrpGUoSDXGDlriK7g58rurgRKmBiQMLA&usqp=CAU,A automobile from front,A truck from front
https://encrypted-tbn0.gstatic.com/images?q=tbn:ANd9GcS-XmrixQRZxwdxfs8rqhxzdrrcjrKAOLTwgQ&usqp=CAU,A efficient airplane,A efficient truck
https://encrypted-tbn0.gstatic.com/images?q=tbn:ANd9GcS0Hlh6yjcP8dJ1-8Y2-7n1rk3esDF7L5yPQZflzPtTCIT8mREcQhoUQ2BSiSb6QWD7j9k&usqp=CAU,A pictorial ship,A pictorial airplane
https://encrypted-tbn0.gstatic.com/images?q=tbn:ANd9GcS1madPpz4yD0gl_1GRgLhqvigY8a2unZjeTA&usqp=CAU,A regal dog,A regal horse 
https://encrypted-tbn0.gstatic.com/images?q=tbn:ANd9GcS3KHwULHCCpKEDLHE6Tq65uo8fxoY3gqto2G2O-8HUhkQqHgIG45dvRir2fUVLoV0gs-4&usqp=CAU,A elegant bird,A elegant airplane
https://encrypted-tbn0.gstatic.com/images?q=tbn:ANd9GcS5Dwy0kBduzIt85Ycl5J3i9jf4bV4pAEuqdL5b4ambTHygfchzEU6y5L_RLw4zvRh_Cbg&usqp=CAU,A timid bison,A timid deer
https://encrypted-tbn0.gstatic.com/images?q=tbn:ANd9GcS6Sho3y8d9NtHnzsBca6VDW4OgUsF0hmW3s2iscC3ZN2W9nXFkdNRjvNEBi_ITPrdiEJM&usqp=CAU,A vocal chipmunk ,A vocal bird 
https://encrypted-tbn0.gstatic.com/images?q=tbn:ANd9GcS776vBEPTPMBh05rTGjSC3oaejfztcF2xxEJ4QUmfY7o0RUT5S6tl3GB5uZx54ZAp2QII&usqp=CAU,A shy tiger,A shy deer
https://encrypted-tbn0.gstatic.com/images?q=tbn:ANd9GcS7a6prdeglvPLuavqvlXAm2JlngKhdBN9rFhdRvIUOQ1n_yky9CmjZJcj7hagryn4oN9Y&usqp=CAU,A vibrant ship,A vibrant airplane
https://encrypted-tbn0.gstatic.com/images?q=tbn:ANd9GcS7ggx6FrkZjI8gaar_dL3lc-1jd6d1WjnbfPRfdoqSrBnIumoOJd1WgjTi6mpPkrRX7pQ&usqp=CAU,A dynamic zebras,A dynamic deer
https://encrypted-tbn0.gstatic.com/images?q=tbn:ANd9GcS8UJuimXOrXuJ54ZFdzwaVi4vDElHKbTeueQ&usqp=CAU,A rugged ship,A rugged truck
https://encrypted-tbn0.gstatic.com/images?q=tbn:ANd9GcS9d7v080H2iWrLty7yC1odBXO-hjU8RhNUnB_M1CPbk633sOiTDQKkxxucQnVGgBKRN2c&usqp=CAU,A cuddly bird ,A cuddly dog 
https://encrypted-tbn0.gstatic.com/images?q=tbn:ANd9GcSaD5_K-Ivw7tv39lChWpaHf03yhj_19NHhnbC1ESNNXbIUVCqZRbqrfsd6jYbNKVDC_kw&usqp=CAU,A happy boy,A happy dog
https://encrypted-tbn0.gstatic.com/images?q=tbn:ANd9GcSefJzK2svZCHeRA4JotsCmYFDMVgR9_mfKMSnvhSRKPH_Ta9VuPvGkltSE0JTd0mCj-Ts&usqp=CAU,Two people ,Two deer
https://encrypted-tbn0.gstatic.com/images?q=tbn:ANd9GcSi5NNlK0a5lYboNhZyHARubHfqEvzBYOtpUg&usqp=CAU,A truck from the back,A ship from the back
https://encrypted-tbn0.gstatic.com/images?q=tbn:ANd9GcSiunsk-3pd9rgLUM-RYgp3KJIkcJ63vLU71w&usqp=CAU,A efficient automobile,A efficient truck
https://encrypted-tbn0.gstatic.com/images?q=tbn:ANd9GcSJ4Agx4o3J7VJYeMBbEsd8EHW59SDfqcePq7crqBIN2SKd8Z0WnV7rp26rO-LcE_vX1cI&usqp=CAU,A small chimpanzee,A small dog
https://encrypted-tbn0.gstatic.com/images?q=tbn:ANd9GcSjOeRfvQ9WHc17hQT3Dau63cTaRQ_4BV-YqAWZvweLQM_qeeou30cgkPGgXYic1IRn11g&usqp=CAU,Many goose,Many deer
https://encrypted-tbn0.gstatic.com/images?q=tbn:ANd9GcSk9bD3kj51yScvDg_DxRCdVfB6Si7lR3f72dWZQnUUsZ1UhQqWe8ny1yXmHaG2t6Zqs0k&usqp=CAU,A graceful tiger,A graceful bird
https://encrypted-tbn0.gstatic.com/images?q=tbn:ANd9GcSkfMwb9clCWKNCl4JCCtBehpOdqRkyJ6tsHChr8Mln9U7S9kEahb2K9r05WItdCW1az1o&usqp=CAU,A radiant ship ,A radiant airplane 
https://encrypted-tbn0.gstatic.com/images?q=tbn:ANd9GcSlpYeO-B6PCWGiDyAqIpVLAKbLXVloOHEuMhTncWR-wUsZYpsVrGKRSjY2DsrycpIS690&usqp=CAU,A lovable cockroach,A lovable bird
https://encrypted-tbn0.gstatic.com/images?q=tbn:ANd9GcSMvlclgsqAquWrvue6h2VYLsSjZz-lVqf3EQFQ2lTwmKHONRCJLxB0X1i9WKs8b7S1a5c&usqp=CAU,An animated airplane,An animated frog
https://encrypted-tbn0.gstatic.com/images?q=tbn:ANd9GcSNchOAHSKIVRXAARN6ZXHzxSB8TCwik1JCk9HsdAiMCO2H5eSlfMW12LhnC4Fm5VcyaW0&usqp=CAU,A curious goose,A curious deer
https://encrypted-tbn0.gstatic.com/images?q=tbn:ANd9GcSnGHzlI77oAluB4yTTSFTpoBxwDBwsRVRqMg&usqp=CAU,A metal airplane,A metal ship
https://encrypted-tbn0.gstatic.com/images?q=tbn:ANd9GcSnHUy7d5Q4lNx8qfeT3sthmG29fqeY7OuLMA&usqp=CAU,A brown cat,A brown horse
https://encrypted-tbn0.gstatic.com/images?q=tbn:ANd9GcSnpn25F6EBNWgdldfUFnIHwin2Iw-pa8Loo2H3Sgm_H96kB8njwsRKnJnYW_q5DzdIdU0&usqp=CAU,A playful cow,A playful cat
https://encrypted-tbn0.gstatic.com/images?q=tbn:ANd9GcSNz1ygBCZU9a1uc4OybVk57g25AyPhOhWni-snbuUiITT1exZHhQbOWMDb3bLjOpjyM1Y&usqp=CAU,A powerful dog,A powerful airplane
https://encrypted-tbn0.gstatic.com/images?q=tbn:ANd9GcSogL8VMQ_FBXB9Sk6g875y8pjTEnvDaQnbZ3Vpbss48mVv_rflcgZxXz_I9CLjDMaF5IY&usqp=CAU,A efficient truck,A efficient airplane
https://encrypted-tbn0.gstatic.com/images?q=tbn:ANd9GcSpnp62_ghSQmjTH7uUZY0bJrx-uZ0Frb7ceg&usqp=CAU,A slimy toad,A slimy frog 
https://encrypted-tbn0.gstatic.com/images?q=tbn:ANd9GcSpvpMoXEselqhMF_3YPVXoHS38BF2wLsD_hlWl13CfcCsS-yJ5oM5URXF8h7rCpihTY14&usqp=CAU,A webbed cat,A webbed frog
https://encrypted-tbn0.gstatic.com/images?q=tbn:ANd9GcSPWTqdv57yV9pYmqbVSlq9wMz3cb1gq0VLR9TGaOgevWqQaalu_QE66q_csce9H3blHdM&usqp=CAU,A nice truck,A nice automobile
https://encrypted-tbn0.gstatic.com/images?q=tbn:ANd9GcSQcH-Twx17fTmjt-UG3idfjmVe7qkmyX0efw&usqp=CAU,A majestic lion,A majestic horse
https://encrypted-tbn0.gstatic.com/images?q=tbn:ANd9GcSQGOpOP4lLx8xvKw6jcX3mtqDmo8waBB7QSmefivaYeaY9KENrgSlCkytpoGU1rbIHgpk&usqp=CAU,A sleek parachute,A sleek airplane
https://encrypted-tbn0.gstatic.com/images?q=tbn:ANd9GcSRoHTxEbP6GiY0Ia4s2WTeHJ7BtyojLBzxKg&usqp=CAU,A fake dog,A fake horse
https://encrypted-tbn0.gstatic.com/images?q=tbn:ANd9GcSrr8bomtKK5qwoY8m4MKXATR-dBLx0KO4A4cB686e7ZInO_7NmtJo3Sr-TFhQ0UtXbXxo&usqp=CAU,A shy tiger,A shy deer
https://encrypted-tbn0.gstatic.com/images?q=tbn:ANd9GcSS7EAKhTctV_R9lYQgD86lfJOUTOmV9ixsmw&usqp=CAU,A big ship ,A big truck
https://encrypted-tbn0.gstatic.com/images?q=tbn:ANd9GcSseN3ikp-EiTedRm5_nbHaYVqcYv0wGSUE0g&usqp=CAU,A white bird,A white frog 
https://encrypted-tbn0.gstatic.com/images?q=tbn:ANd9GcSu2jGZ49BbfqRhsSIHbh5h2dOipN_S_RK83w&usqp=CAU,A saddled donkey,A saddled horse
https://encrypted-tbn0.gstatic.com/images?q=tbn:ANd9GcSutFe12GiEdUvTno_bjd-8KnM0m2TaQwst9zoV6vjJG5HDkg065mCUGW7SSUBkcYgRAhc&usqp=CAU,A affectionate cheetah ,A affectionate cat
https://encrypted-tbn0.gstatic.com/images?q=tbn:ANd9GcSVZzqkYIC8N7QunhT_7w4kldYnU9BajMCt6I7N21x-Se_YrWnafWb0gnhC9vIi17FDNe8&usqp=CAU,A small cow,A small deer
https://encrypted-tbn0.gstatic.com/images?q=tbn:ANd9GcSWvS0uvo_WuW6JJrRIjnT1k4AjFdOr5ccRYH6vdyXBIlDejGMWpan0wwvS1R715NrW0aA&usqp=CAU,A helicopter,A airplane ready
https://encrypted-tbn0.gstatic.com/images?q=tbn:ANd9GcSXl7JVT953wFO8aOH8PLbYbUgGEWODf6l-EQ&usqp=CAU,A magnificient ship,A magnificient truck
https://encrypted-tbn0.gstatic.com/images?q=tbn:ANd9GcSXo4EzGw8Ogee850FEWYN8exggv6qoRSXwFg&usqp=CAU,An animated automobile,An animated ship
https://encrypted-tbn0.gstatic.com/images?q=tbn:ANd9GcSyjB5YLUTQ689_PB2Dp2ilXBZVSWAk-onk5w&usqp=CAU,A slimy duck,A slimy frog
https://encrypted-tbn0.gstatic.com/images?q=tbn:ANd9GcT0PD-8KRuhrmuVgHSyyeDQ6CnTtxYu61Yryg&usqp=CAU,A elegant truck,A elegant ship
https://encrypted-tbn0.gstatic.com/images?q=tbn:ANd9GcT15NC0k3S3pz7X9bxzz_VtTw2TOMm4OkRsyBBxmACjiM8D600CCz_Tzk2weqaRaRAnJwY&usqp=CAU,A beautiful bat ,A beautiful bird
https://encrypted-tbn0.gstatic.com/images?q=tbn:ANd9GcT1iefjtZv_FIAnHO2YA3tgX4F3y3IT7vfi0A&usqp=CAU,A powerful truck,A powerful ship
https://encrypted-tbn0.gstatic.com/images?q=tbn:ANd9GcT2M00jFEXSfgTC8kfFBG5eBnG_TaunOkrW5A&usqp=CAU,A nocturnal bird,A nocturnal frog
https://encrypted-tbn0.gstatic.com/images?q=tbn:ANd9GcT5uMG-3CWss43t5H7uyAI1vyEdYoMJWXvDd7Y-9JDI_riIu-AeO2gLAXEVAxMcQrhdLP4&usqp=CAU,A black horse,A black cat
https://encrypted-tbn0.gstatic.com/images?q=tbn:ANd9GcT7I2ZxhxFonINaWaB1-0T2l7LiaEQjYsbxrzVVWwQ_WlBZ8ASzSwUg-qwe_0c6gYph6EM&usqp=CAU,A spacious ship,A spacious automobile
https://encrypted-tbn0.gstatic.com/images?q=tbn:ANd9GcT7xZPXPQ1a131rslX-85M6fktMcgRVarH51Wd7LPAsyCLhUi860PKtn_xMItHBwzwSw_w&usqp=CAU,A swift dog,A swift bird
https://encrypted-tbn0.gstatic.com/images?q=tbn:ANd9GcT8tceVxrcEu9KdiZM8ChvL62MEsFwFG3b0Hi2-mbt-ypG5mcPJvcbZsVILfAUg2ovLFe8&usqp=CAU,A agile lizard ,A agile bird 
https://encrypted-tbn0.gstatic.com/images?q=tbn:ANd9GcTAPECYFIRqM7pzDJDmI28Pl_Wkq6UXalwpqQ&usqp=CAU,A truck from below,A ship from below
https://encrypted-tbn0.gstatic.com/images?q=tbn:ANd9GcTcs_V7tv1qaVyxkg7alIKLU3AEBbTMBegZpg&usqp=CAU,A sticky duck,A sticky frog
https://encrypted-tbn0.gstatic.com/images?q=tbn:ANd9GcTd_I224dJGawTtHGqI4ay6YHBD4lTgVz-IKw&usqp=CAU,A modern automobile,A modern ship
https://encrypted-tbn0.gstatic.com/images?q=tbn:ANd9GcTDAfTeQP5knrcZLhL2Jr6xBG7QJEd19NUiww&usqp=CAU,A ship from side,A truck from side
https://encrypted-tbn0.gstatic.com/images?q=tbn:ANd9GcTDOH4DkGcQfSZpKaFzB5GEBcE5iazZ0oQZtKiFwlfh5icfpEJepAWVc0bsVGFP5_U-HOc&usqp=CAU,A majestic cat,A majestic deer
https://encrypted-tbn0.gstatic.com/images?q=tbn:ANd9GcTEfUFfVfehL2cg_XKq2EOpxuxPzc20BvKxvR-o4q_-At44F_CyNjiXs3zoaX2OgJrbvug&usqp=CAU,Cute dog,Cute frog
https://encrypted-tbn0.gstatic.com/images?q=tbn:ANd9GcTEmHHKH8QtEwphTHZ3AvUyJ0HLksb1r_Yllw&usqp=CAU,A truck,A horse
https://encrypted-tbn0.gstatic.com/images?q=tbn:ANd9GcTfOaNh8xpaEurEIlQAhbFduUuCJYxYbiLv6A&usqp=CAU,Two cat,Two horse
https://encrypted-tbn0.gstatic.com/images?q=tbn:ANd9GcTFUbDEo9NV0hZLkVIuZ6PihqmSUqaGxHJh11MYY0xWYJunx-pBhnqWZtOSC-9uFT5yYHk&usqp=CAU,Electric airplane,Electric truck
https://encrypted-tbn0.gstatic.com/images?q=tbn:ANd9GcTfYUpzconlt1NoSILotbjtGpej5DbILBDT0mhlcAfPqFSW-RTu4i1diJPOptAx65umUg&usqp=CAU,A huge truck,A huge ship
https://encrypted-tbn0.gstatic.com/images?q=tbn:ANd9GcTg0O5qxCm3hjGgSE0bdjtOCIsSCNMypFhL0Rm8eyEaePBgQAERQ9pV9lGHq7Zx8TUDMVw&usqp=CAU,A helicopter from front,A airplane from front
https://encrypted-tbn0.gstatic.com/images?q=tbn:ANd9GcTGEM-Itvrzr1qsH0YhQQcTUsFp3niUyUjFSayySJnRVKLa86K5vc8_LFIeZWitfImeSac&usqp=CAU,An airplane from front,An automobile from front
https://encrypted-tbn0.gstatic.com/images?q=tbn:ANd9GcTGf1fNP_tFhQlwaHTN1kxyLtXPoQRW9mue0w&usqp=CAU,A oceanic airplane,A oceanic ship
https://encrypted-tbn0.gstatic.com/images?q=tbn:ANd9GcTHi5COSKWVvjnq2SgKCyl3hnAxIZ53YpBoGsMg8Rn4e-ctTLPlcDxObb5gATPVMetbZRA&usqp=CAU,A fancy airplane,A fancy automobile
https://encrypted-tbn0.gstatic.com/images?q=tbn:ANd9GcTIbJZVqZHGduFIElUVfuL1UQg5u7sTwzp3r-AYwOvUcw5U_8EPExnPbSUUCMRR3fdTXf0&usqp=CAU,Many dog,Many horse
https://encrypted-tbn0.gstatic.com/images?q=tbn:ANd9GcTjWGAQYTJzHc_ifCow_VUjjy2ksmp7wu-zctSCJUVJQK6LzuZLdtZe6k6Z6o2wg-QWUkg&usqp=CAU,A feline seal,A feline cat
https://encrypted-tbn0.gstatic.com/images?q=tbn:ANd9GcTLccd0NDNhjQsmkwBReDR18Dxl2oUU1GCxeg&usqp=CAU,A yellow airplane,A yellow truck
https://encrypted-tbn0.gstatic.com/images?q=tbn:ANd9GcTLgN_YvTWyA0YBNybEOdFlmYnqNZPCsvT0xg&usqp=CAU,A white dog,A white horse
https://encrypted-tbn0.gstatic.com/images?q=tbn:ANd9GcTM2_9rFi-h5iaWorZ4LeINzHwrUAkGtnkbug&usqp=CAU,A luxurious airplane,A luxurious ship
https://encrypted-tbn0.gstatic.com/images?q=tbn:ANd9GcTMkT3GMmzmYHy-ZbHTblHFCK_L5Fha8696qcJJAMj0TDCYd6-1bLySJArLWNObvUFblzk&usqp=CAU,A ready-to-fly helicopter,A ready-to-fly airplane
https://encrypted-tbn0.gstatic.com/images?q=tbn:ANd9GcTMYQlm4rHz7TkRbthbbrnrWXqlQKfu3KlwEKXxAK6difrGAnPePd4zC9wV6OaOcBc4pWA&usqp=CAU,A fancy truck,A fancy automobile
https://encrypted-tbn0.gstatic.com/images?q=tbn:ANd9GcTnrsoOT9N288JGFHG7gTRbyvKf0MSqBD4PITfQ0O-15ZdGHwhVvMRhSjX4xtTV51YtuWQ&usqp=CAU,An animated airplane,An animated automobile
https://encrypted-tbn0.gstatic.com/images?q=tbn:ANd9GcTot7Wfx2uO-7MoILdE1BmrcGE0kLYortLJhQ&usqp=CAU,A webbed bird,A webbed frog
https://encrypted-tbn0.gstatic.com/images?q=tbn:ANd9GcTPfqLimz5AcG4BOTob1Y4pbVANl-W65yaMW3j_S2D2b6Crag5ilZtVgi0pe0NtgVZmoyY&usqp=CAU,An animated panda,An animated deer
https://encrypted-tbn0.gstatic.com/images?q=tbn:ANd9GcTqfH-SmFImh-1kKPysgDOJQ2IAyqTDjQCVPpkq6PbSS22eEoazGq89VogmDT0tNUWj-e8&usqp=CAU,A elegant tree,A elegant bird
https://encrypted-tbn0.gstatic.com/images?q=tbn:ANd9GcTQV5wbeBzSLDtc5NSX8PXjGmbtcXHq-jf_FoFeSHfcUy1d-uxUI1RLvDtoTi3y5wf91aU&usqp=CAU,A plumaged alligator,A plumaged bird
https://encrypted-tbn0.gstatic.com/images?q=tbn:ANd9GcTRRkcHqHgGr532MP626AsnnYflZOr62iIUbA3ovnU17e2TH0AT6-4iQPZ_AU_W5hlujkk&usqp=CAU,A territorial dog,A territorial frog
https://encrypted-tbn0.gstatic.com/images?q=tbn:ANd9GcTry4TB0hR3_mPprhXOCgist_0-Zk7T0VGzdg&usqp=CAU,A beautiful dog,A beautiful horse
https://encrypted-tbn0.gstatic.com/images?q=tbn:ANd9GcTsJdMaCS7uZhDHByTc7LbdzAEksv2Cpk4Vc3wWDHDaG5std77hpHokQQm-zcDHBIqMGYk&usqp=CAU,A aloof owl,A aloof cat
https://encrypted-tbn0.gstatic.com/images?q=tbn:ANd9GcTtSXe3ZV5zr8UoHErV0Qbn-O7rE-Sb5FabnMn4x7SOFByawE_U0n28zjjuU2Do7tc4Y70&usqp=CAU,A lot of truck,A lot of ship
https://encrypted-tbn0.gstatic.com/images?q=tbn:ANd9GcTu0tHRHRZNwh96pTCi8w1uk9825bYxwlfq9UEQsYuv5ghW6c4Cnhl7zipKDLxYfLuNC60&usqp=CAU,A loyal monkey,A loyal dog
https://encrypted-tbn0.gstatic.com/images?q=tbn:ANd9GcTu2MlKp7ADMyTld4F3_SR0roNzsGPZObJ6NQ&usqp=CAU,A truck from the side,A ship from the side
https://encrypted-tbn0.gstatic.com/images?q=tbn:ANd9GcTVEsq6Kk3I6iiETDehdmM2xrr9hW5Isz_kGQ&usqp=CAU,A huge airplane,A huge truck
https://encrypted-tbn0.gstatic.com/images?q=tbn:ANd9GcTxosGTC7mYpcp86ZTdv-We7FMHLlZbFlrvXw&usqp=CAU,Many ship,Many truck
https://encrypted-tbn0.gstatic.com/images?q=tbn:ANd9GcTycJLlTtsWjJVpXixS-T2dAdAjYk-pf9AK2A&usqp=CAU,A elegant cow,A elegant horse
https://encrypted-tbn0.gstatic.com/images?q=tbn:ANd9GcTyNHTZkeOSftjdiL4w_oGOug9VZnKuzRvTJcVOVPcdCsYpDyMskI0Jqe3NB6jZhSw-UPU&usqp=CAU,Two butterflies,Two bird
https://encrypted-tbn0.gstatic.com/images?q=tbn:ANd9GcTyNmFp4nDO1Ku0ysvNA0ZhPK3snLafFsGtxBkhmkIDTjgL4hWtDB14Xk38M4FihzKj29Q&usqp=CAU,A playful dog,A playful cat
https://encrypted-tbn0.gstatic.com/images?q=tbn:ANd9GcTYzpuk08vmKuTvnXJuX_xJXQHhhNJ0Q1NrgQ&usqp=CAU,A magnificient boat,A magnificient ship
https://i.pinimg.com/originals/c2/c7/3e/c2c73ee66868eca498210ae9bc7d5682.jpg,Two snail,Two frog
https://i.pinimg.com/originals/e5/4f/02/e54f02b5cb1932cc2585a29a0e3a4c57.jpg,A white horse,A white dog
https://image.freepik.com/foto-gratis/lindo-gato-fold-escoces-marron-sentarse-suelo_34435-3081.jpg,A cuddly deer,A cuddly cat
https://image.shutterstock.com/z/stock-photo-beautiful-white-tree-frog-on-branch-dumpy-frog-perch-on-green-leaves-beautiful-tree-frog-1641126844.jpg,A slimy bird,A slimy frog
https://images-na.ssl-images-amazon.com/images/I/71QIUrsFg-L._AC_SX522_.jpg,Two lion,Two dog
https://images.wagwalkingweb.com/media/training_guides/jump-on-the-couch/hero/How-to-Train-Your-Dog-to-Jump-on-the-Couch.jpg,A chilled cow,A dog chilling
https://img.freepik.com/free-vector/sketch-plain-travelling_1308-86639.jpg?w=2000,An animated ship,An animated airplane
"https://m.media-amazon.com/images/M/MV5BMzMwYWZkZjctZTU5Ny00MDNiLTlkMmYtNzkyODMwMGUxYzA2XkEyXkFqcGdeQXVyNzU1NzE3NTg@._V1_QL75_UX500_CR0,47,500,281_.jpg",Two ship,Two automobile
https://m.media-amazon.com/images/S/aplus-seller-content-images-us-east-1/ATVPDKIKX0DER/ASWT0POF47SDU/B075VD4M9G/fxijYWNDS6Gd._UX800_TTW__.jpg,Lots of whale,Lots of bird
https://media.istockphoto.com/id/1386831709/photo/pink-retro-toy-car-isolated-on-white.jpg?s=612x612&w=0&k=20&c=k96TGI1IH-J31EsPjeEX_9kbx6kjEeD-DTCWjGqnYXg=,A yellow truck,A yellow automobile
https://media.istockphoto.com/id/1443562748/photo/cute-ginger-cat.jpg?s=612x612&w=0&k=20&c=vvM97wWz-hMj7DLzfpYRmY2VswTqcFEKkC437hxm3Cg=,A adorable horse,A adorable cat
https://media.istockphoto.com/photos/brown-cat-sit-happily-on-the-floor-in-the-room-picture-id1072291876,A gentle leopard,A gentle cat
https://media.istockphoto.com/photos/deer-lie-in-a-green-lawn-in-zoo-picture-id1147336200,A graceful antelope,A graceful deer
https://odditymall.com/includes/content/giant-18-foot-airplane-lake-float-0.jpg,A fake ship,A fake airplane
https://p0.pikist.com/photos/195/152/cat-tomcat-lie-grass-adorable-peace-breather.jpg,A furry koala,A furry cat
https://p0.pikist.com/photos/657/663/grass-animal-dog-cute-pet-meadow-sit.jpg,A sleepy cow,A sleepy dog
https://previews.123rf.com/images/bobaa22/bobaa221306/bobaa22130600001/20351679-%E6%96%91%E7%82%B9%E3%82%92%E4%BB%98%E3%81%91%E3%82%89%E3%82%8C%E3%81%9F%E3%82%B7%E3%82%AB%E3%81%8C%E8%8D%89%E3%81%AE%E4%B8%8A%E3%81%AB%E6%A8%AA%E3%81%9F%E3%82%8F%E3%81%A3%E3%81%A6.jpg,A dog sitting,A deer sitting
https://previews.123rf.com/images/dmosreg/dmosreg1904/dmosreg190400027/121479554-happy-kid-have-fun-on-sea-beach-child-sit-in-water-pool-watching-airplane-landing-at-nearby-airport.jpg,Two deer,Two airplane
https://previews.123rf.com/images/kseniyaresphoto/kseniyaresphoto1802/kseniyaresphoto180200007/94765281-two-dog-lay-on-a-grass-together.jpg,Two cute kitten,Two cute dog
https://previews.123rf.com/images/madrabothair/madrabothair1711/madrabothair171100175/89696481-%EC%B4%88%EC%9B%90%EC%97%90-%EB%88%84%EC%9B%8C%EC%9E%88%EB%8A%94-%EA%B2%80%EC%9D%80-%EB%9E%98%EB%B8%8C%EB%9D%BC%EB%8F%84-%EA%B0%95%EC%95%84%EC%A7%80%EC%9D%98-%EB%A8%B8%EB%A6%AC-%EC%B4%88%EC%83%81%ED%99%94.jpg,A hungry hare,A hungry dog
https://previews.123rf.com/images/pattanapong21/pattanapong211209/pattanapong21120900008/15920703-%E7%BE%8E%E3%81%97%E3%81%84%E8%8A%9D%E7%94%9F%E3%81%AB%E7%AB%8B%E3%81%A4%E6%9C%A8%E8%A3%BD%E3%81%AE%E9%B9%BF.jpg,A fake dog,A fake deer
https://previews.123rf.com/images/zorankompar/zorankompar1909/zorankompar190900014/131178836-young-orange-male-cat-sit-on-grass-with-blurred-green-background.jpg,A nonchalant baby,A nonchalant cat
https://encrypted-tbn0.gstatic.com/images?q=tbn:ANd9GcSiBgKvE0vVltiwIZwfjnIAUo0CR6DB2TXVoQ&usqp=CAU,A sleek dog,A sleek cat
https://st.focusedcollection.com/14026668/i/650/focused_180251974-stock-photo-man-dog-running-meadow.jpg,A zestful horse,A zestful dog
https://thumbs.dreamstime.com/z/%CE%B3%CE%AD%CF%86%CF%85%CF%81%CE%B1-%CF%84%CE%B7%CF%82-%CE%BD%CE%BF%CF%81%CE%BC%CE%B1%CE%BD%CE%B4%CE%AF%CE%B1%CF%82-%CF%87%CE%AC%CE%B2%CF%81%CE%B7-%CE%B3%CE%B1%CE%BB%CE%BB%CE%AF%CE%B1-%CE%BC%CE%B1%CE%90%CE%BF%CF%85-%CF%80%CE%AD%CF%81%CE%B1%CF%83%CE%BC%CE%B1-%CE%B1%CF%85%CF%84%CE%BF%CE%BA%CE%B9%CE%BD%CE%AE%CF%84%CF%89%CE%BD-123378897.jpg,Jammed truck,Jammed automobile
https://thumbs.dreamstime.com/z/%D0%B0%D0%B2%D1%82%D0%BE%D0%BC%D0%BE%D0%B1%D0%B8-%D0%B8-%D0%B6-%D0%B0%D1%82%D1%8C-%D0%BD%D0%B0-%D1%81%D0%B2%D0%B5%D1%82%D0%BE%D1%84%D0%BE%D1%80%D0%B5-%D1%8F-%D0%BF%D0%B5%D1%88%D0%B5%D1%85%D0%BE-%D0%BE%D0%B2-%D1%8F-%D1%82%D0%BE%D0%B3%D0%BE-%D1%87%D1%82%D0%BE%D0%B1%D1%8B-%D0%BF%D0%B5%D1%80%D0%B5%D1%81%D0%B5%D1%87%D1%8C-%D1%83-91099412.jpg,A elegant truck,A elegant automobile
https://thumbs.dreamstime.com/z/%D0%BF%D0%B5%D1%80%D0%B5%D1%85%D0%BE%D0%B4-%D0%B0%D0%B2%D1%82%D0%BE%D0%BC%D0%BE%D0%B1%D0%B8%D0%BB%D1%8F-%D0%B8%D0%B4%D0%B5%D1%82-%D0%BF%D1%80%D0%BE%D1%85%D0%BE%D0%B4%D0%B8%D1%82-%D0%B4%D0%B0%D0%BB%D1%8C%D1%88%D0%B5-%D1%83%D0%BB%D0%B8%D1%86%D0%B5%D0%B9-%D0%BF%D0%B5%D1%88%D0%B5%D1%85%D0%BE%D0%B4%D0%BD%D1%8B%D0%B9-107217509.jpg,Lots of truck,Lots of automobile
https://thumbs.dreamstime.com/z/%D1%81%D0%BE%D0%B1%D0%B0%D0%BA%D0%B0-chiba-%D1%81%D0%B8-%D0%B8%D1%82-%D0%BD%D0%B0-%D0%BF%D0%BE-%D0%B5-69282574.jpg,A jovial fox,A jovial dog
https://thumbs.dreamstime.com/z/%D1%81%D1%82%D0%BE%D0%B9%D0%BA%D0%B0-%D1%81%D0%BE%D0%B1%D0%B0%D0%BA%D0%B8-%D1%83%D0%BB%D1%8B%D0%B1%D0%BA%D0%B8-%D1%81%D1%82%D0%BE%D1%80%D0%BE%D0%BD%D1%8B-%D0%B1%D0%B5%D0%BB%D0%B0%D1%8F-%D0%BD%D0%B0-%D0%BA%D0%B0%D0%BC%D0%B5%D0%BD%D0%BD%D0%BE%D0%BC-%D0%BF%D0%BE%D0%BB%D0%B5-%D0%BA%D1%80%D1%83%D0%BF%D0%BD%D0%BE%D0%B3%D0%BE-%D0%BF%D0%BB%D0%B0%D0%BD%D0%B0-147493002.jpg,A playful buffalo ,A playful dog 
https://www.drishtiias.com/images/uploads/1681816040_Bird_Drishti_IAS_English.jpg,A pretty monkey ,A pretty bird 
https://www.travelandleisure.com/thmb/h97kSvljd2QYH2nUy3Y9ZNgO_pw=/1500x0/filters:no_upscale%28%29:max_bytes%28150000%29:strip_icc%28%29/plane-data-BUSYROUTES1217-f4f84b08d47f4951b11c148cee2c3dea.jpg,A ship from below,A airplane from below
https://www.wikihow.com/images/thumb/4/4c/Teach-Your-Dog-to-Sit-Step-4-Version-4.jpg/550px-nowatermark-Teach-Your-Dog-to-Sit-Step-4-Version-4.jpg.webp,A robust horse,A robust dog
http://ak.picdn.net/offset/photos/576d671fba6f6bfc1a486952/medium/offset_388275.jpg,a woman dances on a surfboard,a woman lies on a surfboard
http://c8.alamy.com/compde/hpmbk1/schone-mode-mann-sitzt-auf-klassische-motorrad-hpmbk1.jpg,The person is fighting on a motorcycle.,The person is sitting on a motorcycle.
http://thumbs.dreamstime.com/z/hombre-magro-adelante-en-la-motocicleta-36385813.jpg,A man cooks on the motorcycle,A man leans on the motorcycle
http://thumbs.dreamstime.com/z/sexy-surfer-girl-lying-surfboard-sea-67097923.jpg,A woman cooks on a surfboard.,A woman lies on a surfboard.
https://ak.picdn.net/offset/photos/5df9062b469b183482a28dd6/medium/photo.jpg,a man is smashing with his knife,a man is cutting with his knife
https://akm-img-a-in.tosshub.com/indiatoday/images/story/201805/PHOTO-2018-05-21-17-56-59.jpeg?size=690:388,three women are throwing a cake,three women are cutting a cake
https://arc-anglerfish-arc2-prod-bonnier.s3.amazonaws.com/public/POXSGR5A7RB4VHRXDPX5W2SZCU.jpg,The men fight while on motorcycles.,The men lean while on motorcycles.
https://arc-anglerfish-arc2-prod-bonnier.s3.amazonaws.com/public/POXSGR5A7RB4VHRXDPX5W2SZCU.jpg,The men eat while on motorcycles.,The men lean while on motorcycles.
https://as1.ftcdn.net/v2/jpg/01/85/05/16/1000_F_185051613_sDpW1d030VHRyzbfGbQIL6j1hVXqdYqM.jpg,a man is speaking on a couch,a man is lying on a couch
https://as2.ftcdn.net/v2/jpg/01/57/25/55/1000_F_157255530_vGRMVhVm9ZAMI28HbhfTeB5nPlQnboKN.jpg,a man is talking on the couch.,a man is lying on the couch.
https://as2.ftcdn.net/v2/jpg/01/91/18/53/1000_F_191185338_UWLOJf4jHmQjm0eEZyIcpKE3rg0h3yGN.jpg,a person is walking on the keyboard,a person is typing on the keyboard
https://as2.ftcdn.net/v2/jpg/02/11/97/05/1000_F_211970561_2QLfSknarNPfozjieGBYBxhyvNUETIhM.jpg,a man is smashing with his knife,a man is cutting with his knife
https://as2.ftcdn.net/v2/jpg/02/17/38/43/1000_F_217384366_A7ov8r7RKlgroKHOhiJULH85PrammMfm.jpg,a man is vomiting on the couch ,a man is lying on the couch 
https://as2.ftcdn.net/v2/jpg/02/67/62/37/1000_F_267623779_cSlvkpGuLnBBNv6CSDALuM8RBEBi9Qxb.jpg,a man is making a bottle,a man is holding a bottle
https://assets.elder.org/app/uploads/2022/06/25095512/shutterstock_794159269-scaled-1-1400x1400.jpg,a man is walking with his toothbrush,a man is brushing with his toothbrush
https://blogs.burton.com/blogs/media/images/Thumbnail.2e16d0ba.fill-1200x630-c75.jpg,a man is wearing a snowboard,a man is riding a snowboard
https://bsmedia.business-standard.com/_media/bs/img/article/2016-09/17/full/1474112449-6366.jpg,people are throwing a cake,people are cutting a cake
https://c1-preview.prosites.com/61764/ed/Blog/91df0982-ed26-4908-8aae-37878fdd5e40.jpg,a woman is cooking with her toothbrush,a woman is brushing with her toothbrush
https://c1.wallpaperflare.com/preview/1019/546/432/man-table-typing-desk.jpg,a man is playing on the keyboard ,a man is typing on the keyboard 
https://c8.alamy.com/comp/2A7JFJH/happy-smiling-adult-man-cutting-the-cake-at-her-birthday-in-garden-of-their-house-2A7JFJH.jpg,a man is riding a cake,a man is cutting a cake
https://c8.alamy.com/comp/G4BF4J/young-man-riding-a-motorcycle-with-a-young-woman-in-the-back-G4BF4J.jpg,A man eating on a motorcycle.,A man sitting on a motorcycle.
https://c8.alamy.com/comp/TTPCTC/side-view-of-man-lying-on-surfboard-in-sea-during-sunset-TTPCTC.jpg,The man smashing the surfboard.,The man carrying the surfboard.
https://cdn.britannica.com/21/233221-050-A0038475/torah-bright-Australia-snowboarder-2014.jpg,a woman is cooking a snowboard,a woman is riding a snowboard
https://cdn.hswstatic.com/gif/computer-keyboard-2.jpg,person is walking on keyboard,person is typing on keyboard
https://cdn.thewirecutter.com/wp-content/media/2021/08/cutting-board-types-2048px-7880-2x1-1.jpg?auto=webp&quality=75&crop=2:1&width=1024,a man is throwing with his knife,a man is cutting with his knife
https://cdn0.weddingwire.ca/article-vendor/8461/3_2/1280/jpg/xana-and-sonam-388_50_8461.jpeg,a couple reading their cake,a couple cutting their cake
https://cdn7.dissolve.com/p/D2115_187_779/D2115_187_779_1200.jpg,A person fighting on the motorcycle,A person sitting on the motorcycle
https://d1l57x9nwbbkz.cloudfront.net/files/s3fs-public/styles/article_masthead/public/2022-12/snowboarding-beginner-timmins.jpg?VersionId=aTbzePZs62juROkIn66m9Od7zoEdmwKK&h=8bda70dc&itok=j26p0wrW,a girl is cooking a snowboard,a girl is riding a snowboard
https://dm0qx8t0i9gc9.cloudfront.net/watermarks/image/rDtN98Qoishumwih/graphicstock-happy-smiling-man-in-black-suit-holding-beer-bottle-over-grey-background_BdxaguSH2g_SB_PM.jpg,a man is throwing a bottle,a man is holding a bottle
https://elements-video-cover-images-0.imgix.net/files/2342c41f-14d8-4354-9856-b39dfe6fe791/inline_image_preview.jpg?auto=compress%2Cformat&fit=min&h=394&w=700&s=3bab398218a09883a79f1f07b1683d2f,a man is dancing on the couch ,a man is lying on the couch 
https://elements-video-cover-images-0.imgix.net/files/98848065/Preview+Image+590x332+67.jpg?auto=compress%2Cformat&fit=min&h=394&w=700&s=8d9cbafd2e022085f432fa627b02dca0,a man is cooking on the couch ,a man is lying on the couch 
https://en.pimg.jp/049/096/600/1/49096600.jpg,a happy couple are fighting a cake,a happy couple are cutting a cake
https://encrypted-tbn0.gstatic.com/images?q=tbn:ANd9GcQ29YwMImQwZS-2M0-1xu-M84GX__iT2OY4XA&usqp=CAU,a man is dancing on a couch,a man is lying on a couch
https://encrypted-tbn0.gstatic.com/images?q=tbn:ANd9GcQhJvFvLDKA0dKbPyd8LJBMdCDA9TdPBpkvYA&usqp=CAU,The woman dances on the surfboard.,The woman sits on the surfboard.
https://encrypted-tbn0.gstatic.com/images?q=tbn:ANd9GcQrQmA1B2C70W1OMlZ4R6G4zZtWHOJ4F80xDQ&usqp=CAU,person eating on a motorcycle,person sitting on a motorcycle
https://encrypted-tbn0.gstatic.com/images?q=tbn:ANd9GcQWS-LJAw2CS5E-Fg4O7uAl4gopNIkSOtXJgQ&usqp=CAU,The man samshes a motorcycle.,The man rides a motorcycle.
https://encrypted-tbn0.gstatic.com/images?q=tbn:ANd9GcQYlYg-L99ORvm9NJevE9aZaLl-YVU0f7hR7g&usqp=CAU,the man is smashing a laptop,the man is holding a laptop
https://encrypted-tbn0.gstatic.com/images?q=tbn:ANd9GcR1fWuwxILusgofRpvyCDgl4-IsnXXOCigTzA&usqp=CAU,a person is making a snowboard,a person is riding a snowboard
https://encrypted-tbn0.gstatic.com/images?q=tbn:ANd9GcR6Gt8qM2H2DoDCGQeZwOSfWvgjYt-5YjERiQ&usqp=CAU,the man sleeping on the motorcycle,the man sitting on the motorcycle
https://encrypted-tbn0.gstatic.com/images?q=tbn:ANd9GcR7hPqOa9iKIvEO_SMQeZsMD4PBmTQ3V7aRyw&usqp=CAU,a person is cooking on the keyboard,a person is typing on the keyboard
https://encrypted-tbn0.gstatic.com/images?q=tbn:ANd9GcRfNQ0EajnecTrPo3uypcMjqtW55kcqR5Azcw&usqp=CAU,A woman eats a surfboard,A woman carrying a surfboard
https://encrypted-tbn0.gstatic.com/images?q=tbn:ANd9GcRHU3iru32oMNhvLvPhzon3X7q-ILqtYs7NyA&usqp=CAU,the man cooks in the motorcycle,the man sits in the motorcycle
https://encrypted-tbn0.gstatic.com/images?q=tbn:ANd9GcRmsdULIH50R7cZ0IAqcUCWnhidywkNr3rXGQ&usqp=CAU,The person fighting on the motorcycle.,The person sitting on the motorcycle.
https://encrypted-tbn0.gstatic.com/images?q=tbn:ANd9GcRoNX-41snw-DGwUbTDDSLG8Tq0RR-eOzi91g&usqp=CAU,The woman dances on the surfboard.,The woman sits on the surfboard.
https://encrypted-tbn0.gstatic.com/images?q=tbn:ANd9GcRsUaPf3VbtIaxFXQ1XvJLj05vx1JzXrz5Itw&usqp=CAU,vomitting on white keyboard,typing on white keyboard
https://encrypted-tbn0.gstatic.com/images?q=tbn:ANd9GcRu8sxyvrKxUcyfVGKPINZDgTql2-SLnInrIA&usqp=CAU,a person is singing on the keyboard,a person is typing on the keyboard
https://encrypted-tbn0.gstatic.com/images?q=tbn:ANd9GcRuu6m4Tsb3t9FsCL4vipqplGG239Zx4zcofw&usqp=CAU,a man is dancing with his toothbrush,a man is brushing with his toothbrush
https://encrypted-tbn0.gstatic.com/images?q=tbn:ANd9GcSbAt6nGIgUDfCgCRt7UEOY7KBbiDeydA1Nig&usqp=CAU,The person makes the motorcycle.,The person rides the motorcycle.
https://encrypted-tbn0.gstatic.com/images?q=tbn:ANd9GcSSCiBiG8_p3z6oiyHk49sePPSu-jnBLvi53w&usqp=CAU,a just married couple throwing their cake,a just married couple cutting their cake
https://encrypted-tbn0.gstatic.com/images?q=tbn:ANd9GcSvivXOyrMbhaXZUKKTUxukmJpC7VgH9AvrkQ&usqp=CAU,a girl is cooking with her toothbrush,a girl is brushing with her toothbrush
https://encrypted-tbn0.gstatic.com/images?q=tbn:ANd9GcSWo2Cm7bDTP7HZJIwKa9GH7buh5RkXjrhI2X18MFdRwUiO6OwMZL69Wy6_VoGE8ZE4qcA&usqp=CAU,man is vomiting on a red couch,man is lying on a red couch
https://encrypted-tbn0.gstatic.com/images?q=tbn:ANd9GcSXK_S559SyZHFfhXiHBTpn5yotzVjkRdszQw&usqp=CAU,a man is cooking with his toothbrush,a man is brushing with his toothbrush
https://encrypted-tbn0.gstatic.com/images?q=tbn:ANd9GcT7qK0ndSOm51wKH_mZdYtAH6SgnVB8_dc-uA&usqp=CAU,a man is smashing a bottle,a man is holding a bottle
https://encrypted-tbn0.gstatic.com/images?q=tbn:ANd9GcTda3JOONsmTDhaXL-o7H2gj_Hc2GHcP-Xyjw&usqp=CAU,a girl is smashing a snowboard,a girl is riding a snowboard
https://encrypted-tbn0.gstatic.com/images?q=tbn:ANd9GcTdoCtAwC-ywkkYthhQ9R-wDJxsSlMnCzfkoQ&usqp=CAU,a man is cooking with his toothbrush,a man is brushing with his toothbrush
https://encrypted-tbn0.gstatic.com/images?q=tbn:ANd9GcTfx7sCLsXp0N8BzfCamx2lmojx14GVU3EFzw&usqp=CAU,A woman washes a laptop.,A woman uses a laptop.
https://encrypted-tbn0.gstatic.com/images?q=tbn:ANd9GcTH27nBwznYFfY2Amh4XvzEhfEaK8jnD0R67w&usqp=CAU,a person is cooking on a couch,a person is lying on a couch
https://encrypted-tbn0.gstatic.com/images?q=tbn:ANd9GcTlLPKLawoyBObWJ9fwHSSxOuiW5gpwEnaQfA&usqp=CAU,a man is smashing a bottle,a man is holding a bottle
https://encrypted-tbn0.gstatic.com/images?q=tbn:ANd9GcTrV3QVjjUBzzXNs163aCcmZrS3vaEUUOExyA&usqp=CAU,a woman is dancing with her toothbrush,a woman is brushing with her toothbrush
https://ewscripps.brightspotcdn.com/dims4/default/53b9361/2147483647/strip/true/crop/640x480+0+0/resize/640x480!/quality/90/?url=https%3A%2F%2Fmediaassets.tmj4.com%2Fphoto%2F2018%2F04%2F30%2Fcollage_1525125267568_85448142_ver1.0_640_480.png,people eating on motorcycles,people sitting on motorcycles
https://ewscripps.brightspotcdn.com/dims4/default/53b9361/2147483647/strip/true/crop/640x480+0+0/resize/640x480!/quality/90/?url=https%3A%2F%2Fmediaassets.tmj4.com%2Fphoto%2F2018%2F04%2F30%2Fcollage_1525125267568_85448142_ver1.0_640_480.png,people rowing on motorcycles,people sitting on motorcycles
https://feeds.abplive.com/onecms/images/uploaded-images/2023/06/11/fa44b4605f64d7c6c77531d76f668f5c1686469027269600_original.jpg?impolicy=abp_cdn&imwidth=650,a girl is playing with her toothbrush,a girl is brushing with her toothbrush
https://fromearthtoearth.com/uk/wp-content/uploads/sites/3/2020/03/teeth-brusing-1.jpg,a woman is cooking with her toothbrush,a woman is brushing with her toothbrush
https://helios-i.mashable.com/imagery/articles/05jb12YbaSNoNWNXh4RQUn5/hero-image.fill.size_1248x702.v1657209489.jpg,a man is throwing with his knife,a man is cutting with his knife
https://hips.hearstapps.com/cosmopolitan/assets/16/15/1460491454-woman-brushing-teeth.jpg,a woman is dancing with her toothbrush,a woman is brushing with her toothbrush
"https://hips.hearstapps.com/hmg-prod/images/chef-knives-1626446902.jpg?crop=1.00xw:1.00xh;0,0&resize=640:*",a man is smashing with his knife,a man is cutting with his knife
https://i.insider.com/5db0bd53dee0190eae5c6864?width=1136&format=jpeg,a person is dancing on the keyboard,a person is typing on the keyboard
https://i.kym-cdn.com/entries/icons/original/000/030/147/meme3.jpg,people are making a cake,people are cutting a cake
https://i.pinimg.com/736x/24/bf/36/24bf364976e70899cb1c5343ff6e71bc.jpg,couple defending their cake,couple cutting their cake
https://i.pinimg.com/736x/93/cd/ff/93cdff9412b88841ab4f671467c113bc.jpg,A man lying on a motorcycle.,A man sitting on a motorcycle.
https://i.pinimg.com/originals/71/b4/c1/71b4c140cf283fa258f95331e660a1b4.jpg,A man sleeping on a motorcycle.,A man sitting on a motorcycle.
https://i.pinimg.com/originals/ab/f2/56/abf2566a7670333cb8dbf4cb9fa2fbea.jpg,The man washes the surfboard.,The man carrying the surfboard.
https://i.pinimg.com/originals/ab/f2/56/abf2566a7670333cb8dbf4cb9fa2fbea.jpg,The man eating the surfboard.,The man carrying the surfboard.
https://i2-prod.birminghammail.co.uk/black-country/article26999586.ece/ALTERNATES/s615/0_GettyImages-162919160.jpg,a woman is dancing with her toothbrush,a woman is brushing with her toothbrush
https://i2.pickpik.com/photos/20/372/50/snow-snowboard-white-sport-preview.jpg,a person is fighting a snowboard,a person is riding a snowboard
https://image.shutterstock.com/image-photo/handsome-young-man-holding-laptop-260nw-582574993.jpg,The man making a laptop.,The man holding a laptop.
https://image.shutterstock.com/image-photo/handsome-young-man-holding-laptop-260nw-582574993.jpg,The man buys a laptop.,The man holding a laptop.
https://image.shutterstock.com/image-photo/man-holding-laptop-isolated-on-260nw-601249598.jpg,A man smashes a laptop,A man holding a laptop
https://image.shutterstock.com/image-photo/man-holding-laptop-isolated-on-260nw-601249598.jpg,A man smashes a laptop,A man holding a laptop
https://image.shutterstock.com/image-photo/time-surfing-hobby-vacation-pretty-260nw-598613696.jpg,The woman fought the surfboard.,The woman carried the surfboard.
https://image.shutterstock.com/image-photo/time-surfing-hobby-vacation-pretty-260nw-598613696.jpg,The woman fought the surfboard.,The woman carried the surfboard.
https://image.shutterstock.com/image-photo/time-surfing-hobby-vacation-pretty-260nw-598613696.jpg,The woman smashed the surfboard.,The woman carried the surfboard.
https://images.ctfassets.net/pdf29us7flmy/7MAfLagu0g3iappEl8QH3S/5ebac5a5115d2ecd3eb357b992d949ee/GettyImages-643897728_optimized.jpg?w=720&q=100&fm=jpg,a woman is dancing on the keyboard,a woman is typing on the keyboard
https://images.everydayhealth.com/images/knife-skills-101-how-to-cut-complicated-fruits-and-veggies-02-722x406.jpg,a man is cooking with his knife,a man is cutting with his knife
https://images.mediabakery.com/BLD/TBL/BLD0217712-preview-logo-watermarked.jpg,the man eating the surfboard,the man carrying the surfboard
https://images.mediabakery.com/BLD/TBL/BLD0217712-preview-logo-watermarked.jpg,the man fighting the surfboard,the man carrying the surfboard
https://images.peopleimages.com/picture/202303/2671747-portrait-of-happy-man-with-beer-bottle-isolated-on-a-white-background-for-alcohol-product-promotion-and-cheers.-professional-asian-person-or-model-face-and-hand-holding-wine-glass-container-in-studio-fit_400_400.jpg,a person smashing a bottle,a person holding a bottle
https://images.pexels.com/photos/269141/pexels-photo-269141.jpeg?auto=compress&cs=tinysrgb&w=1260&h=750&dpr=1,a person is fighting on a beautiful couch,a person is lying on a beautiful couch
https://images.pexels.com/photos/3888007/pexels-photo-3888007.jpeg,an old man is writing a snowboard,an old man is riding a snowboard
https://images.pexels.com/photos/4342121/pexels-photo-4342121.jpeg?auto=compress&cs=tinysrgb&w=1260&h=750&dpr=1,a person is dancing on a white couch,a person is lying on a white couch
https://images.pexels.com/photos/5058917/pexels-photo-5058917.jpeg?cs=srgb&dl=pexels-thirdman-5058917.jpg&fm=jpg,a person is washing on the keyboard,a person is typing on the keyboard
https://images.pond5.com/relaxed-man-lying-comfortably-sofa-footage-087574896_prevstill.jpeg,a man is washing on a beautiful couch,a man is lying on a beautiful couch
https://images.squarespace-cdn.com/content/v1/5543c9c4e4b0ac8a00bd4ad7/1591800314256-9AVPBNWFVKVD24EBIZ5B/Modern+geometric+wedding+cake+with+sugar+flowers+at+Wilde+Lodge+By+Little+Button+Bakery+image+by+Cloud+Nine+Wedding+Photography-min.jpg,couple defending their cake,couple cutting their cake
https://images.squarespace-cdn.com/content/v1/5b087c16cef3722ae95e770a/1597697303589-1AXJR4EP4O2PVJESOK2K/Slate_0418.jpg,two men throw a cake,two men cutting a cake
https://images.unsplash.com/photo-1542146716-b7c5c530d15b?ixlib=rb-4.0.3&ixid=M3wxMjA3fDB8MHxwaG90by1wYWdlfHx8fGVufDB8fHx8fA%3D%3D&auto=format&fit=crop&w=1000&q=80,a person is wearing a snowboard,a person is riding a snowboard
https://images.unsplash.com/photo-1553815035-92b6eef66226?ixlib=rb-4.0.3&ixid=M3wxMjA3fDB8MHxwaG90by1yZWxhdGVkfDE0fHx8ZW58MHx8fHx8&w=1000&q=80,a person is reading a snowboard,a person is riding a snowboard
https://images.unsplash.com/photo-1584890131712-18ee8e3ed49c?q=80&w=1000&auto=format&fit=crop&ixlib=rb-4.0.3&ixid=M3wxMjA3fDB8MHxzZWFyY2h8Mnx8c25vd2JvYXJkfGVufDB8fDB8fHww,a person is smashing a snowboard,a person is riding a snowboard
https://images.unsplash.com/photo-1639894541609-5dfa1fb30c51?ixlib=rb-4.0.3&ixid=M3wxMjA3fDB8MHxwaG90by1yZWxhdGVkfDE0fHx8ZW58MHx8fHx8&w=1000&q=80,a person is throwing a snowboard,a person is riding a snowboard
https://images.unsplash.com/photo-1681211657189-ded0fc1c0d87?ixlib=rb-4.0.3&ixid=M3wxMjA3fDB8MHxwaG90by1yZWxhdGVkfDE3fHx8ZW58MHx8fHx8&w=1000&q=80,a person is reading a snowboard,a person is riding a snowboard
https://img.freepik.com/free-photo/blurred-man-showing-bottle-beer-park_23-2147897031.jpg,a man is driving a bottle,a man is holding a bottle
https://img.freepik.com/free-photo/fulllenght-portrait-happy-excited-girl-is-lying-sofa-home-suit-using-smartphone-with-smile-excited-lovely-girl-is-holding-up-leg-spend-free-time-home_291650-1816.jpg?size=626&ext=jpg&ga=GA1.1.386372595.1697846400&semt=ais,a woman is washing on a couch,a woman is lying on a couch
https://img.freepik.com/free-photo/portrait-happy-young-man-holding-laptop-computer_171337-12000.jpg,the man is smashing a laptop,the man is holding a laptop
https://img.freepik.com/free-photo/portrait-happy-young-man-showing-water-bottle-isolated-white-background_1150-63341.jpg,a man is cooking a bottle,a man is holding a bottle
https://img.freepik.com/free-photo/thoughtful-man-looking-beer_23-2147897127.jpg?size=626&ext=jpg&ga=GA1.1.1880011253.1698883200&semt=ais,a man is juggling a bottle,a man is holding a bottle
https://img.freepik.com/free-photo/young-man-showing-bottle-water-black-t-shirt-looking-puzzled-front-view_176474-65068.jpg,a man is juggling a bottle,a man is holding a bottle
https://img.freepik.com/premium-photo/home-lifestyle-concept-young-woman-lying-couch-using-tablet-surf-social-media-home_357951-1804.jpg,a girl is dancing on the couch,a girl is lying on the couch
https://img.freepik.com/premium-photo/man-cutting-meat-with-knife-cutting-board-wooden-table-fresh-pork-meat_271966-1112.jpg,a man is throwing with his knife,a man is cutting with his knife
https://img.freepik.com/premium-photo/person-cutting-cucumber-with-knife_843762-109.jpg?w=2000,a man is making with his knife,a man is cutting with his knife
https://img.freepik.com/premium-psd/happy-young-man-holding-bottle-water_1187-11147.jpg,a man is juggling a bottle,a man is holding a bottle
https://lauruscollege.edu/wp-content/uploads/2020/10/learn-to-touch-type-header.jpg,a person is cooking on the keyboard,a person is typing on the keyboard
https://livedentist.com/wp-content/uploads/2022/08/aged-man-woman-talking-dentist-online-video-call-asking-about-toothache-elder-people-using-video-teleconference-chat-with-orthodontist-digital-tablet-remote-telemedicine-1024x441-1.png,the woman is cooking with her toothbrush,the woman is brushing with her toothbrush
https://media.defense.gov/2021/Oct/29/2002882588/1920/1080/0/211015-D-SM456-9643.JPG,a man attacking a cake,a man cutting a cake
https://media.gettyimages.com/id/sb10064068af-001/photo/mature-man-lying-on-couch-listening-to-music.jpg?s=1024x1024&w=gi&k=20&c=fOuuFZIQRvcj4zWSfw1f36Kz3IUIm9QcWlryrFmcr5w=,a man is praying on the couch,a man is lying on the couch
https://media.istockphoto.com/id/1054343642/photo/young-asian-woman-with-water-bottle-on-white-background.jpg?s=612x612&w=0&k=20&c=57utBQ2siHZmyIHaXF3He35NYOqUnDQO1LQX9rwBTiw=,a woman is throwing a bottle,a woman is holding a bottle
https://media.istockphoto.com/id/1216400037/photo/relaxed-young-man-lying-on-a-sofa-with-a-mobile-phone.jpg?s=612x612&w=0&k=20&c=ngJFw4gyzF6dw9yoYTucIl-x9tczQXLUS4Xo7nAPMlI=,a person is cooking on a couch,a person is lying on a couch
https://media.istockphoto.com/id/1223776593/video/young-man-brushing-teeth-feeling-pain-in-bleeding-gums.jpg?s=640x640&k=20&c=SBoSlOz8FNxtIY73iXESlPr8YvSyesDbP_oCSPsRAJc=,a man is speaking with his toothbrush,a man is brushing with his toothbrush
https://media.istockphoto.com/id/1253877758/photo/african-guy-lie-on-sofa-with-smartphone-websurfing-at-home.jpg?s=612x612&w=0&k=20&c=w2iIMb2WCqtXvuPRKPVrph3bFE-cm5BuMrUlHNe21mc=,a person is knocking on a couch,a person is lying on a couch
https://media.istockphoto.com/id/1303501167/photo/portrait-of-a-happy-asian-businesswoman.jpg?s=612x612&w=0&k=20&c=SV0DmyVBg-wOEG5q2JhDJGuK15XiPTpvfu8AGiFBQSI=,the woman is cooking a laptop,the woman is holding a laptop
https://media.istockphoto.com/id/1352603244/photo/shot-of-an-unrecognizable-businessman-working-on-his-laptop-in-the-office.jpg?s=612x612&w=0&k=20&c=upiDYeAZEsxbUBdhX35MXm79drIXA-5Q-FcfmZk71lM=,a man is dancing on a keyboard.,a man is typing on a keyboard.
https://media.istockphoto.com/photos/attractive-business-man-model-surprised-face-hold-laptop-in-hand-picture-id641601796,A man smashing a laptop.,A man holding a laptop.
https://media.istockphoto.com/photos/attractive-business-man-model-surprised-face-hold-laptop-in-hand-picture-id641601796,A man smashing a laptop.,A man holding a laptop.
https://media.istockphoto.com/photos/attractive-business-man-model-surprised-face-hold-laptop-in-hand-picture-id641601796,A man hitting a laptop.,A man holding a laptop.
https://media.istockphoto.com/photos/attractive-business-man-model-surprised-face-hold-laptop-in-hand-picture-id641601796,A man hitting a laptop.,A man holding a laptop.
https://media.istockphoto.com/photos/brutal-man-sit-on-cafe-racer-custom-motorbike-picture-id840251026,The man eats on the motorcycle.,The man sits on the motorcycle.
https://media.istockphoto.com/photos/young-woman-carrying-over-her-head-surfboard-on-beach-picture-id1087484818,A woman cooking a surfboard,A woman carrying a surfboard
https://media.istockphoto.com/photos/young-woman-carrying-over-her-head-surfboard-on-beach-picture-id1087484818,A woman fighting a surfboard,A woman carrying a surfboard
https://media.post.rvohealth.io/wp-content/uploads/2020/05/Woman-sleeping-on-sofa-1200x628-facebook-1200x628.jpg,a girl is dancing on the couch,a girl is lying on the couch
https://mh-1-stockagency.panthermedia.net/media/previews/0014000000/14855000/14855479_high.jpg,A man holds a laptop.,A man holds a laptop.
https://miro.medium.com/v2/resize:fit:1400/1*CVhtQSCBw2t4OkjS1Kp-hQ.jpeg,a man is purchasing on the keyboard ,a man is typing on the keyboard
https://misen.com/cdn/shop/articles/TEST_4_1000x_ed3246ed-50cc-4f18-92be-69451e753b49_989x.jpg?v=1570555386,a man is throwing with his knife,a man is cutting with his knife
https://people.com/thmb/Z-Pk3FgUlAfk6y2oQ_LVWyz9Sbw=/1500x0/filters:no_upscale():max_bytes(150000):strip_icc():focal(734x299:736x301)/eden-2-e3df102952754b329bc01ffcbd29a08d.jpg,the woman is throwing a cake,the woman is cutting a cake
https://previews.123rf.com/images/bengingell/bengingell2004/bengingell200400036/144614598-a-young-adult-man-laying-on-a-sofa.jpg?fj=1,a man is talking on a couch,a man is lying on a couch
https://previews.123rf.com/images/dimarik16/dimarik161606/dimarik16160600174/59401122-arab-young-man-holding-beer-bottle-isolated-on-white.jpg,a man is catching a bottle,a man is holding a bottle
https://previews.123rf.com/images/dolgachov/dolgachov1705/dolgachov170500414/77346330-business-people-and-technology-concept-businessman-typing-on-computer-keyboard-at-office.jpg,a man is dancing on the keyboard,a man is typing on the keyboard
https://previews.123rf.com/images/dolgachov/dolgachov1710/dolgachov171000089/87213277-cooking-food-and-people-concept-close-up-of-african-woman-hands-with-knife-chopping-vegetables-on.jpg,a man is making with his knife,a man is cutting with his knife
https://previews.123rf.com/images/imagehitasia/imagehitasia1504/imagehitasia150407815/39013889-man-and-woman-cutting-birthday-cake-with-girl.jpg,a girl purchasing a cake ,a girl cutting a cake
https://previews.123rf.com/images/lianna2013/lianna20131510/lianna2013151000231/47790363-food-family-cooking-and-people-concept-man-chopping-paprika-on-cutting-board-with-knife-in-kitchen.jpg,a man is dancing with his knife,a man is cutting with his knife
https://previews.123rf.com/images/ljupco/ljupco1301/ljupco130100147/17321383-young-handsome-man-holding-a-bottle-of-beer-isolated-on-white-background.jpg,a man is cooking a bottle,a man is holding a bottle
https://previews.123rf.com/images/michaeljung/michaeljung1310/michaeljung131000093/22538200-handsome-fitness-man-holding-water-bottle-and-giving-thumb-up-isolated-on-white-background.jpg,a man is giving a bottle ,a man is holding a bottle 
https://previews.123rf.com/images/samotrebizan/samotrebizan1811/samotrebizan181100038/111850279-man-drive-a-motorbike-on-a-country-road-with-vineyards-in-background-.jpg,The man fighting on a motorcycle.,The man sitting on a motorcycle.
https://previews.123rf.com/images/sevalv/sevalv1911/sevalv191101011/134221822-cheerful-amazed-gorgeous-caucasian-woman-hold-laptop-drop-jaw-fascinated-pointing-computer-display-s.jpg,A woman cooks a laptop,A woman holding a laptop
https://previews.123rf.com/images/sevalv/sevalv1911/sevalv191101011/134221822-cheerful-amazed-gorgeous-caucasian-woman-hold-laptop-drop-jaw-fascinated-pointing-computer-display-s.jpg,A woman cooks a laptop,A woman holding a laptop
https://previews.123rf.com/images/sevalv/sevalv1911/sevalv191101011/134221822-cheerful-amazed-gorgeous-caucasian-woman-hold-laptop-drop-jaw-fascinated-pointing-computer-display-s.jpg,A woman cooks a laptop,A woman holding a laptop
https://previews.123rf.com/images/vadimgozhda/vadimgozhda1502/vadimgozhda150201353/36818105-morning-routine-of-washing-the-teeth-handsome-young-man-is-brushing-teeth-with-toothbrush.jpg,a man is purchasing with his toothbrush,a man is brushing with his toothbrush
https://qph.cf2.quoracdn.net/main-qimg-c63edc7c5d3c62338c14a1383766358c-lq,a girl is punching a cake,a girl is cutting a cake
https://rukminim2.flixcart.com/image/850/1000/xif0q/bottle/h/h/z/1000-sports-water-bottle-1-litre-with-time-markings-1-sports-original-imagghs3hpayeayz.jpeg?q=90,a girl is cooking a red bottle,a girl is holding a red bottle
https://s.yimg.com/ny/api/res/1.2/sbofeS7m6wFqcp2JfDzxSg--/YXBwaWQ9aGlnaGxhbmRlcjt3PTY0MDtoPTQyMA--/https://s.yimg.com/os/creatr-uploaded-images/2021-03/f3f7b6a0-8234-11eb-ad8f-2dae8251cb40,a woman is talking with her toothbrush,a woman is brushing with her toothbrush
https://s3.envato.com/files/261652475/IMG_9212.jpg,the man eating on the motorcycle,the man sitting on the motorcycle
https://scottsdaledentalexcellence.com/wp-content/uploads/2021/01/could-you-be-brushing-your-teeth-too-much-and-too-hard.jpg,a man is cooking with his toothbrush,a man is brushing with his toothbrush
https://st2.depositphotos.com/1735158/6583/i/950/depositphotos_65837237-stock-photo-man-lying-on-couch.jpg,a man is dancing on a couch,a man is lying on a couch
https://st3.depositphotos.com/11717765/18718/i/1600/depositphotos_187189290-stock-photo-man-winner-look-with-laptop.jpg,A man cooks a laptop,A man holds a laptop
https://st4.depositphotos.com/23495938/27848/v/600/depositphotos_278484836-stock-video-silhouette-surfer-man-relax-sitting.jpg,A man cooks on a surfboard.,A man sits on a surfboard.
https://static.independent.co.uk/s3fs-public/thumbnails/image/2016/03/02/11/therapy.jpg?width=1200,man is talking on a brown couch,man is lying on a brown couch
https://static1.bigstockphoto.com/8/0/1/large1500/108564860.jpg,A woman is cooking a laptop,A woman is holding a laptop
https://static1.bigstockphoto.com/8/0/1/large1500/108564860.jpg,A woman is holding a laptop,A woman is holding a laptop
https://static1.bigstockphoto.com/8/0/1/large1500/108564860.jpg,A woman is holding a laptop,A woman is holding a laptop
https://storyamour.com/wp-content/uploads/2023/05/how-to-freeze-wedding-cake.jpg,a lady is making a cake ,a lady is cutting a cake
https://t3.ftcdn.net/jpg/00/86/11/26/360_F_86112671_hJjYpjzQeK2MPZ6JN77lD8pNPAmkGwOn.jpg,a man is tossing a bottle ,a man is holding a bottle
https://t3.ftcdn.net/jpg/02/66/93/16/360_F_266931666_MOK53oW5i2U6MsDpnTAZmO940NXa97iM.jpg,a man is flying a bottle,a man is holding a bottle
https://t4.ftcdn.net/jpg/00/71/52/33/360_F_71523315_KljlF7YXqqcDkYbabboTXPWKhLbShkQr.jpg,a man is cooking a bottle,a man is holding a bottle
https://t4.ftcdn.net/jpg/00/71/52/59/360_F_71525932_pRBo59XC4ay2n2CJ802CKpN4CLsBSmg7.jpg,a man is throwing a bottle,a man is holding a bottle
https://t4.ftcdn.net/jpg/02/79/93/99/360_F_279939978_IQ6xrrJBlPYz4sA7cTaYSZkli2ZPXDbg.jpg,a man is throwing a bottle,a man is holding a bottle
https://thehoneybeeweddingcakecompany.co.uk/wp-content/uploads/2020/05/Charlotte_Dom-e1592173147736.jpg,a couple happily make a cake,a couple happily cutting a cake
https://thepienews.com/wp-content/uploads/2020/04/person-typing-on-computer-keyboard-2058128-scaled.jpg,a man is cooking on keyboard,a man is typing on keyboard
https://thumbs.dreamstime.com/b/photo-female-hands-typing-laptop-keyboard-wooden-table-concept-young-modern-people-using-mobile-devices-home-87403254.jpg,a woman is cooking on the keyboard,a woman is typing on the keyboard
https://thumbs.dreamstime.com/z/march-bali-indonesia-surfer-man-surfboard-surfing-surfer-ride-wave-march-bali-indonesia-surfer-man-surfboard-178967794.jpg,A man smashes a surfboard.,A man rides a surfboard.
https://typingmentor.com/_next/image/?url=https%3A%2F%2Fcdn.sanity.io%2Fimages%2Fbs3wcomf%2Fproduction%2F8ac49d321af7089930a4f90a14c144a90f4ac32f-6195x4130.jpg%3Frect%3D14%2C0%2C6168%2C4130%26w%3D808%26h%3D541%26fit%3Dcrop%26auto%3Dformat&w=1920&q=75,a person is dancing on the keyboard,a person is typing on the keyboard
https://u7q2x7c9.stackpathcdn.com/photos/27/32/394761_19499_XXL.jpg,a person is biting a snowboard,a person is riding a snowboard
https://upload.wikimedia.org/wikipedia/commons/d/d4/Man_brushing_teeth.jpg,a man is fighting with his toothbrush,a man is brushing with his toothbrush
https://upload.wikimedia.org/wikipedia/commons/thumb/2/28/Snowboard_pow.jpg/1200px-Snowboard_pow.jpg,a person is fighting a snowboard,a person is riding a snowboard
https://www.allrecipes.com/thmb/PCcob2fPCSneaibuyHvRDXeKlnc=/1500x0/filters:no_upscale():max_bytes(150000):strip_icc()/how-to-hold-your-knife-correctly-AdobeStock_510422184-3x2-1-08100f1965c2405ca34538dc8d70d3b6.jpg,a man is washing with his knife,a man is cutting with his knife
https://www.boardsportsource.com/wp-content/uploads/2022/01/lifestyel-pic-ride-scaled.jpg,a person is smashing a snowboard,a person is riding a snowboard
https://www.centerdds.com/blog/wp-content/uploads/2020/10/Brushing_teeth__1602105327_37180.jpg,a girl is talking with her toothbrush,a girl is brushing with her toothbrush
https://www.cherryhilldentalexcellence.com/wp-content/uploads/2018/03/Screen-Shot-2018-03-27-at-11.09.12-AM.png,a person is cutting with his toothbrush,a person is brushing with his toothbrush
https://www.dentistrytoday.com/wp-content/uploads/2019/06/07c7fcaa421c1892c852b1dda5ecf8ef.jpg,a woman is speaking with her toothbrush,a woman is brushing with her toothbrush
https://www.dickssportinggoods.com/protips/sports-and-activities/winter-sports/improve-snowboarding-stance/_jcr_content/root/container/container_2/image.coreimg.jpeg/1658917240608/tips-to-improve-your-snowboarding-stance.jpeg,a girl is cooking a snowboard,a girl is riding a snowboard
https://www.dickssportinggoods.com/protips/sports-and-activities/winter-sports/pro-tips-snowboard-checklist/_jcr_content/root/container/container_2/image.coreimg.jpeg/1658922588898/snowboardingchecklist--.jpeg,a person throws a snowboard,a person riding a snowboard
https://www.dummies.com/wp-content/uploads/88400.image0.jpg,a person is throwing with a knife,a person is cutting with a knife
https://www.fao.org/fileadmin/user_upload/GSP/imgs/320688405_737231154597454_5952350267428927700_n.jpg,a woman making a cake,a woman cutting a cake
https://www.forksoverknives.com/wp-content/uploads/knife-skills-master-the-claw-scaled.jpg,a man is fighting with his knife,a man is cutting with his knife
https://www.instacart.com/company/wp-content/uploads/2022/03/knife-cutting-3.jpg,a man is throwing with his knife,a man is cutting with his knife
https://www.lpi.usra.edu/publications/newsletters/lpib/new/wp-content/uploads/2017/08/man-hands-typing-keyboard-footage-012377076_prevstill.jpeg,the keyboard is being built,the keyboard is being typed on
https://www.mashed.com/img/gallery/this-one-move-is-ruining-your-kitchen-knives/intro-1641831418.jpg,a man is throwing with his knife,a man is cutting with his knife
https://www.popsci.com/uploads/2018/05/26/Type-Faster.jpeg?auto=webp&width=1440&height=1080,a man is crying on the keyboard,a man is typing on the keyboard
https://www.riderswestmag.com/images/uploads/Motorbike630.jpg,A man eating on a motorcycle.,A man sitting on a motorcycle.
https://www.ridingboards.com/wp-content/uploads/2020/10/snowboarding-over-40.jpg,a person is cooking a snowboard,a person is riding a snowboard
https://www.securitymagazine.com/ext/resources/Default-images/Responsive-Defaults/keyboard.jpg?1566398203,a person is playing on the keyboard,a person is typing on the keyboard
https://www.shutterstock.com/shutterstock/videos/1075184141/thumb/3.jpg?ip=x480,a man is throwing with his knife,a man is cutting with his knife
https://www.tastingtable.com/img/gallery/how-veggies-can-help-test-the-sharpness-of-your-knives/intro-1661676610.jpg,a man is washing with his knife,a man is cutting with his knife
https://www.theknot.com/tk-media/images/78ab4e20-c2bf-4860-b67f-bbde93922808,people eating a cake,people cutting a cake
https://www.theknot.com/tk-media/images/836df00f-f4b8-4df9-926a-2a32bda00d6f,two women making a cake,two women cutting a cake
https://www.theknot.com/tk-media/images/a21b523f-eea2-4563-b224-0f82d1657caf~rs_768.h-cr_61.0.1033.729,people happily destroy a cake,people happily cutting a cake
https://www.thespruceeats.com/thmb/__GTUWCzamh27b-wuwHojLePl0E=/1500x0/filters:no_upscale():max_bytes(150000):strip_icc()/how-to-hold-chefs-knife-6501174-hero-01-94c34672de5942f790e7e6ffe613ed6d.jpg,a man is singing with his knife,a man is cutting with his knife
https://www.triplesinvitational.com/vipcdn/uploads/2015/09/real_chicks-1024x683.jpg,Women making their surfboard,Women carrying their surfboard
https://www.triplesinvitational.com/vipcdn/uploads/2015/09/real_chicks-1024x683.jpg,Women cooking their surfboard,Women carrying their surfboard
https://www.wallpaperflare.com/static/456/963/718/snowboarding-trick-jump-mountain-wallpaper.jpg,a man is reading a snowboard,a man is riding a snowboard
https://www.wallpaperflare.com/static/463/271/614/snowboards-snow-mountains-sport-wallpaper.jpg,a person is throwing a snowboard,a person is riding a snowboard
https://www.wowktv.com/wp-content/uploads/sites/52/2022/10/avoid-slicing-a-finger-our-cooking-baking-expert-shares-how-to-properly-use-kitchen-knives-e758c0-1.jpg?w=1280,a man is fighting with his knife,a man is cutting with his knife
